id,first_name,last_name,email,gender
Pinchbeck00000,Bendicty,Pinchbeck,bpinchbeck0@gizmodo.com,Male
Jerwood00001,Letitia,Jerwood,ljerwood1@cdbaby.com,Female
Habben00002,Ward,Habben,whabben2@miitbeian.gov.cn,Male
Flewan00003,Mac,Flewan,mflewan3@spiegel.de,Male
Mease00004,Corny,Mease,cmease4@newsvine.com,Male
Scrowston00005,Cristin,Scrowston,cscrowston5@who.int,Female
Glasspoole00006,Haze,Glasspoole,hglasspoole6@goo.ne.jp,Male
Bernardeschi00007,Lenci,Bernardeschi,lbernardeschi7@cafepress.com,Male
Geck00008,Lucie,Geck,lgeck8@upenn.edu,Female
Saul00009,Woodman,Saul,wsaul9@toplist.cz,Male
Strelitzki00010,Rebekkah,Strelitzki,rstrelitzkia@live.com,Female
Narbett00011,Ogdan,Narbett,onarbettb@elpais.com,Male
Davidsohn0001293,Marcelline,Davidsohn,mdavidsohnc@slashdot.org,Female
Bartkiewicz00013,Dulciana,Bartkiewicz,dbartkiewiczd@mapy.cz,Female
Eldin00014,Wilhelmine,Eldin,weldine@msu.edu,Female
Savill00015,Roma,Savill,rsavillf@wikipedia.org,Male
Luker00016,Laureen,Luker,llukerg@salon.com,Female
Bryns00017,Lucilia,Bryns,lbrynsh@addtoany.com,Female
Drains00018,Ermina,Drains,edrainsi@shutterfly.com,Female
Albutt00019,Jo,Albutt,jalbuttj@wisc.edu,Female
Dacombe00020,Teresina,Dacombe,tdacombek@ning.com,Female
Cutsforth00021,Jere,Cutsforth,jcutsforthl@businesswire.com,Female
Dyers00022,Hope,Dyers,hdyersm@addtoany.com,Female
Seys00023,Dedra,Seys,dseysn@ucsd.edu,Female
de Merida00024,Valenka,de Merida,vdemeridao@ezinearticles.com,Female
Pomeroy00025,Koo,Pomeroy,kpomeroyp@sbwire.com,Female
Pennycuick00026,Glennis,Pennycuick,gpennycuickq@mlb.com,Female
Scorrer00027,Nikoletta,Scorrer,nscorrerr@g.co,Female
Pastor00028,Henderson,Pastor,hpastors@lycos.com,Male
Macklam00029,Ashly,Macklam,amacklamt@slideshare.net,Female
Rashleigh00030,Priscella,Rashleigh,prashleighu@wsj.com,Female
Jervis00031,Lisle,Jervis,ljervisv@smh.com.au,Male
Huckstepp00032,Lilyan,Huckstepp,lhucksteppw@ox.ac.uk,Female
Portt00033,Harper,Portt,hporttx@adobe.com,Male
Dicte00034,Agnesse,Dicte,adictey@lulu.com,Female
Talmadge00035,Bartel,Talmadge,btalmadgez@fda.gov,Male
Deppe00036,Sigrid,Deppe,sdeppe10@businessinsider.com,Female
Keeffe00037,Kathlin,Keeffe,kkeeffe11@squidoo.com,Female
Asker00038,Petey,Asker,pasker12@dedecms.com,Male
Daniellot00039,Tarra,Daniellot,tdaniellot13@cpanel.net,Female
Hebbes00040,Trixy,Hebbes,thebbes14@dmoz.org,Female
Cosslett00041,Chloris,Cosslett,ccosslett15@webnode.com,Female
Deam00042,Rodd,Deam,rdeam16@cafepress.com,Male
Malitrott00043,Dael,Malitrott,dmalitrott17@a8.net,Male
Zettoi00044,Wilbur,Zettoi,wzettoi18@scribd.com,Male
Lattey00045,Elia,Lattey,elattey19@so-net.ne.jp,Male
Churchley00046,Bette-ann,Churchley,bchurchley1a@soundcloud.com,Female
Ivanov00047,Kara,Ivanov,kivanov1b@army.mil,Female
Dincey00048,Mariquilla,Dincey,mdincey1c@addtoany.com,Female
Towersey00049,Liv,Towersey,ltowersey1d@timesonline.co.uk,Female
Crace00050,Matt,Crace,mcrace1e@dot.gov,Male
Roalfe00051,Davon,Roalfe,droalfe1f@artisteer.com,Male
Titheridge00052,Veda,Titheridge,vtitheridge1g@yale.edu,Female
Gatheridge00053,Elnore,Gatheridge,egatheridge1h@cargocollective.com,Female
Eccersley00054,Jodi,Eccersley,jeccersley1i@skyrock.com,Male
Fryett00055,Maddie,Fryett,mfryett1j@clickbank.net,Male
Partrick00056,Alessandra,Partrick,apartrick1k@blogspot.com,Female
Szabo00057,Ronny,Szabo,rszabo1l@typepad.com,Male
Farriar00058,Derron,Farriar,dfarriar1m@arstechnica.com,Male
Shoute00059,Lucretia,Shoute,lshoute1n@zdnet.com,Female
McNair00060,Griselda,McNair,gmcnair1o@cbslocal.com,Female
Burdoun00061,Will,Burdoun,wburdoun1p@fc2.com,Male
Tarbett00062,Kati,Tarbett,ktarbett1q@dedecms.com,Female
Shillaker00063,Meghann,Shillaker,mshillaker1r@trellian.com,Female
Michelin00064,Vladamir,Michelin,vmichelin1s@1688.com,Male
Gernier00065,Marsha,Gernier,mgernier1t@hostgator.com,Female
Stinchcombe00066,Enoch,Stinchcombe,estinchcombe1u@blogs.com,Male
Abby0006727,Erhard,Abby,eabby1v@arstechnica.com,Male
Necolds00068,Edie,Necolds,enecolds1w@state.gov,Female
Darlasson00069,Daryl,Darlasson,ddarlasson1x@irs.gov,Female
Bowbrick00070,Wallace,Bowbrick,wbowbrick1y@comcast.net,Male
Zanussii00071,Dody,Zanussii,dzanussii1z@hp.com,Female
Berthod00072,Cleo,Berthod,cberthod20@house.gov,Female
Spat00073,Fifine,Spat,fspat21@go.com,Female
Vickarman00074,Kori,Vickarman,kvickarman22@apache.org,Female
Van Arsdalen00075,Ulberto,Van Arsdalen,uvanarsdalen23@wikipedia.org,Male
Keele00076,Sofie,Keele,skeele24@feedburner.com,Female
Lamps00077,Cacilie,Lamps,clamps25@washingtonpost.com,Female
Goodsell00078,Henderson,Goodsell,hgoodsell26@booking.com,Male
Everleigh00079,Marjie,Everleigh,meverleigh27@java.com,Female
Abdy00080,Zondra,Abdy,zabdy28@prlog.org,Female
Whistan00081,Melinde,Whistan,mwhistan29@purevolume.com,Female
Verlander00082,Andy,Verlander,averlander2a@storify.com,Female
Dickman00083,Myron,Dickman,mdickman2b@yellowbook.com,Male
Georgi00084,Bevvy,Georgi,bgeorgi2c@alexa.com,Female
Reeks00085,Elnore,Reeks,ereeks2d@google.cn,Female
Gerty00086,Barnaby,Gerty,bgerty2e@altervista.org,Male
Andre00087,Yoko,Andre,yandre2f@squarespace.com,Female
Betton00088,Kin,Betton,kbetton2g@msu.edu,Male
McGoldrick00089,Dewitt,McGoldrick,dmcgoldrick2h@rediff.com,Male
Rosewarne00090,Curtice,Rosewarne,crosewarne2i@zdnet.com,Male
Hazelby00091,Svend,Hazelby,shazelby2j@sphinn.com,Male
Heaysman00092,Genovera,Heaysman,gheaysman2k@friendfeed.com,Female
Penwarden00093,Veronique,Penwarden,vpenwarden2l@pbs.org,Female
Poat00094,Sheffy,Poat,spoat2m@deliciousdays.com,Male
Matysiak00095,Stavro,Matysiak,smatysiak2n@apple.com,Male
Lipprose00096,Bogey,Lipprose,blipprose2o@unicef.org,Male
Plows00097,Brook,Plows,bplows2p@liveinternet.ru,Female
Wraxall00098,Kip,Wraxall,kwraxall2q@hibu.com,Female
Crudgington00099,Perrine,Crudgington,pcrudgington2r@sun.com,Female
Legging00100,Zebadiah,Legging,zlegging2s@parallels.com,Male
Beyer00101,Derick,Beyer,dbeyer2t@printfriendly.com,Male
Pitbladdo00102,Shari,Pitbladdo,spitbladdo2u@xing.com,Female
Bedwell00103,Neda,Bedwell,nbedwell2v@jalbum.net,Female
Karpman00104,Brooks,Karpman,bkarpman2w@buzzfeed.com,Female
Youel00105,Marijn,Youel,myouel2x@elegantthemes.com,Male
Harner00106,Edvard,Harner,eharner2y@baidu.com,Male
Juschka00107,Kacie,Juschka,kjuschka2z@instagram.com,Female
Blennerhassett00108,Barclay,Blennerhassett,bblennerhassett30@soundcloud.com,Male
Guerriero00109,Deirdre,Guerriero,dguerriero31@clickbank.net,Female
Yellowlees00110,Roselin,Yellowlees,ryellowlees32@google.com.au,Female
Morbey00111,Gilbertina,Morbey,gmorbey33@newyorker.com,Female
Mocquer00112,Sherwin,Mocquer,smocquer34@prweb.com,Male
Greer00113,Wilek,Greer,wgreer35@dot.gov,Male
Ingledow00114,Hort,Ingledow,hingledow36@amazon.de,Male
Finley00115,Milzie,Finley,mfinley37@feedburner.com,Female
Sleep00116,Alberto,Sleep,asleep38@imageshack.us,Male
Forrestill00117,Winnie,Forrestill,wforrestill39@storify.com,Female
Lomasny00118,Anselma,Lomasny,alomasny3a@bigcartel.com,Female
Blasi00119,Pebrook,Blasi,pblasi3b@constantcontact.com,Male
Fullager00120,Cris,Fullager,cfullager3c@mashable.com,Female
MacNess00121,Bronson,MacNess,bmacness3d@cbslocal.com,Male
Testo00122,Paule,Testo,ptesto3e@reverbnation.com,Female
Joseland00123,Tonnie,Joseland,tjoseland3f@google.cn,Male
Warcup00124,Neil,Warcup,nwarcup3g@theguardian.com,Male
Sacco00125,Rheba,Sacco,rsacco3h@bbb.org,Female
Sprankling00126,Letti,Sprankling,lsprankling3i@lulu.com,Female
Cessford00127,Anett,Cessford,acessford3j@miitbeian.gov.cn,Female
Oglesbee00128,Carey,Oglesbee,coglesbee3k@jigsy.com,Female
Trunchion00129,Devonne,Trunchion,dtrunchion3l@ycombinator.com,Female
Sowood00130,Bentley,Sowood,bsowood3m@columbia.edu,Male
Norrington00131,Claus,Norrington,cnorrington3n@weibo.com,Male
Gumey00132,Jehu,Gumey,jgumey3o@timesonline.co.uk,Male
Prendiville00133,Henri,Prendiville,hprendiville3p@imageshack.us,Male
Barhem00134,Harli,Barhem,hbarhem3q@constantcontact.com,Female
Cholomin00135,Carmel,Cholomin,ccholomin3r@eepurl.com,Female
Casswell00136,Algernon,Casswell,acasswell3s@cnet.com,Male
McHarry00137,Wendye,McHarry,wmcharry3t@xinhuanet.com,Female
Dennett00138,Collen,Dennett,cdennett3u@unicef.org,Female
Graal00139,Merrielle,Graal,mgraal3v@ucsd.edu,Female
Esilmon00140,Barn,Esilmon,besilmon3w@google.com,Male
Brandenburg00141,Kimbra,Brandenburg,kbrandenburg3x@businessinsider.com,Female
Robotham00142,Tandi,Robotham,trobotham3y@i2i.jp,Female
Le Gall00143,Carroll,Le Gall,clegall3z@businessweek.com,Female
Jimes00144,Vernen,Jimes,vjimes40@google.co.uk,Male
Bigby00145,Tomi,Bigby,tbigby41@pcworld.com,Female
Pilbeam00146,Stacia,Pilbeam,spilbeam42@angelfire.com,Female
Foukx00147,Carleen,Foukx,cfoukx43@themeforest.net,Female
Viel00148,Sandra,Viel,sviel44@nyu.edu,Female
Jodlkowski00149,Odetta,Jodlkowski,ojodlkowski45@de.vu,Female
Okenfold00150,Nevile,Okenfold,nokenfold46@live.com,Male
Verni00151,Clemmy,Verni,cverni47@tinyurl.com,Female
Athridge00152,Nolana,Athridge,nathridge48@alibaba.com,Female
Housen00153,Marylou,Housen,mhousen49@google.nl,Female
Jessop00154,Ferdinande,Jessop,fjessop4a@bloomberg.com,Female
Kharchinski00155,Clayson,Kharchinski,ckharchinski4b@joomla.org,Male
Filler00156,Bette,Filler,bfiller4c@mlb.com,Female
Towersey00157,Murvyn,Towersey,mtowersey4d@plala.or.jp,Male
Ceschelli00158,Desmund,Ceschelli,dceschelli4e@skype.com,Male
Tanfield00159,Aubrey,Tanfield,atanfield4f@ucsd.edu,Female
Fries00160,Siobhan,Fries,sfries4g@wordpress.org,Female
Whitely00161,Genny,Whitely,gwhitely4h@miibeian.gov.cn,Female
Cockroft00162,Urbain,Cockroft,ucockroft4i@example.com,Male
Adacot00163,Loella,Adacot,ladacot4j@furl.net,Female
Kilgallon00164,Doy,Kilgallon,dkilgallon4k@ihg.com,Male
Maddox00165,Carolynn,Maddox,cmaddox4l@geocities.jp,Female
Spadollini00166,Glynn,Spadollini,gspadollini4m@zdnet.com,Male
Ellwand00167,Sherilyn,Ellwand,sellwand4n@ed.gov,Female
Bentame00168,Georgetta,Bentame,gbentame4o@dagondesign.com,Female
Cookes00169,Jenelle,Cookes,jcookes4p@baidu.com,Female
Sumpter00170,Tracie,Sumpter,tsumpter4q@ycombinator.com,Male
Heinonen00171,Auberta,Heinonen,aheinonen4r@biblegateway.com,Female
Hetterich00172,Maurine,Hetterich,mhetterich4s@washingtonpost.com,Female
Leadbeater00173,Jeth,Leadbeater,jleadbeater4t@netscape.com,Male
Fenich00174,Deb,Fenich,dfenich4u@ezinearticles.com,Female
Charlson00175,Korney,Charlson,kcharlson4v@lulu.com,Female
Horder00176,Petronilla,Horder,phorder4w@skyrock.com,Female
Hursey00177,Consuelo,Hursey,chursey4x@umn.edu,Female
Pride00178,Gregg,Pride,gpride4y@chicagotribune.com,Male
Oake00179,Merv,Oake,moake4z@linkedin.com,Male
Petrolli00180,Mychal,Petrolli,mpetrolli50@rakuten.co.jp,Male
Washbrook00181,Essy,Washbrook,ewashbrook51@yellowbook.com,Female
Presman00182,Devland,Presman,dpresman52@biblegateway.com,Male
Oldacre00183,Lind,Oldacre,loldacre53@t.co,Male
Skipperbottom00184,Pepito,Skipperbottom,pskipperbottom54@japanpost.jp,Male
Parradine00185,Sonja,Parradine,sparradine55@dedecms.com,Female
Clemenza00186,Noel,Clemenza,nclemenza56@scientificamerican.com,Male
Acors00187,Davy,Acors,dacors57@fotki.com,Male
Greasty00188,Chalmers,Greasty,cgreasty58@dot.gov,Male
Neve00189,Pacorro,Neve,pneve59@sbwire.com,Male
Swynfen00190,Glad,Swynfen,gswynfen5a@yahoo.com,Female
Driussi00191,Cally,Driussi,cdriussi5b@army.mil,Female
Casaro00192,Feliza,Casaro,fcasaro5c@bigcartel.com,Female
Michelmore00193,Leesa,Michelmore,lmichelmore5d@google.cn,Female
Weekland00194,Lazar,Weekland,lweekland5e@loc.gov,Male
Vispo00195,Meyer,Vispo,mvispo5f@webeden.co.uk,Male
Itzkovich00196,Tally,Itzkovich,titzkovich5g@nifty.com,Male
Lonsbrough00197,Claudius,Lonsbrough,clonsbrough5h@dyndns.org,Male
Mardell00198,Sharyl,Mardell,smardell5i@icq.com,Female
Forcade00199,Ame,Forcade,aforcade5j@cnn.com,Female
Shercliff00200,Gretna,Shercliff,gshercliff5k@washington.edu,Female
Carlone00201,Ivor,Carlone,icarlone5l@is.gd,Male
Troyes00202,Gianna,Troyes,gtroyes5m@dion.ne.jp,Female
Lealle00203,Justinian,Lealle,jlealle5n@slate.com,Male
Kerfoot00204,Paddie,Kerfoot,pkerfoot5o@fema.gov,Male
Moncrieffe00205,Joceline,Moncrieffe,jmoncrieffe5p@dropbox.com,Female
Eustis00206,Eward,Eustis,eeustis5q@odnoklassniki.ru,Male
Alfonzo00207,Dore,Alfonzo,dalfonzo5r@so-net.ne.jp,Male
Slater00208,Kippar,Slater,kslater5s@cmu.edu,Male
Etches00209,Gayler,Etches,getches5t@facebook.com,Male
Edgin00210,Averil,Edgin,aedgin5u@oaic.gov.au,Female
Hofton00211,Izak,Hofton,ihofton5v@issuu.com,Male
Kingsley00212,Grayce,Kingsley,gkingsley5w@army.mil,Female
Heake00213,Mick,Heake,mheake5x@usda.gov,Male
Loalday00214,Heriberto,Loalday,hloalday5y@blogger.com,Male
Quarmby00215,Emma,Quarmby,equarmby5z@blogs.com,Female
Abendroth00216,Foss,Abendroth,fabendroth60@chron.com,Male
Hearse00217,Adolph,Hearse,ahearse61@oakley.com,Male
Durdle00218,Sibbie,Durdle,sdurdle62@mail.ru,Female
Bunning00219,Boone,Bunning,bbunning63@utexas.edu,Male
Dunan00220,Nels,Dunan,ndunan64@163.com,Male
Alexandre00221,Doretta,Alexandre,dalexandre65@wufoo.com,Female
Barniss00222,Kelby,Barniss,kbarniss66@accuweather.com,Male
Kynvin00223,Monti,Kynvin,mkynvin67@nba.com,Male
Jurewicz00224,Joaquin,Jurewicz,jjurewicz68@hostgator.com,Male
Mattiello00225,Conny,Mattiello,cmattiello69@ted.com,Male
La Vigne00226,Ike,La Vigne,ilavigne6a@omniture.com,Male
Pardi00227,Anson,Pardi,apardi6b@xing.com,Male
McGilbon0022891,Abey,McGilbon,amcgilbon6c@yellowpages.com,Male
Woodlands00229,Monique,Woodlands,mwoodlands6d@google.co.uk,Female
Sivior00230,Giovanna,Sivior,gsivior6e@cmu.edu,Female
Otterwell00231,Tressa,Otterwell,totterwell6f@samsung.com,Female
Skerratt00232,Leighton,Skerratt,lskerratt6g@samsung.com,Male
Teeney00233,Dottie,Teeney,dteeney6h@com.com,Female
Taplow00234,Annetta,Taplow,ataplow6i@fda.gov,Female
Diable00235,Karin,Diable,kdiable6j@nbcnews.com,Female
De Bruin0023629,Edith,De Bruin,edebruin6k@deliciousdays.com,Female
Jerche00237,Wallis,Jerche,wjerche6l@guardian.co.uk,Female
Deer00238,Emmery,Deer,edeer6m@nih.gov,Male
Brailey00239,Kin,Brailey,kbrailey6n@posterous.com,Male
Raatz00240,Barn,Raatz,braatz6o@alibaba.com,Male
Deniseau00241,Guglielma,Deniseau,gdeniseau6p@addthis.com,Female
Kinsman00242,Emelina,Kinsman,ekinsman6q@zimbio.com,Female
Hoogendorp00243,Anallise,Hoogendorp,ahoogendorp6r@google.pl,Female
MacGilrewy00244,Blaine,MacGilrewy,bmacgilrewy6s@elpais.com,Male
Ipsgrave00245,Priscilla,Ipsgrave,pipsgrave6t@wordpress.org,Female
Bertomieu00246,Tammie,Bertomieu,tbertomieu6u@mashable.com,Male
Goscar00247,Packston,Goscar,pgoscar6v@yolasite.com,Male
Bucklan00248,Lola,Bucklan,lbucklan6w@google.com.hk,Female
Prigmore00249,Larry,Prigmore,lprigmore6x@people.com.cn,Male
Blackwell00250,Ronald,Blackwell,rblackwell6y@earthlink.net,Male
Kinningley00251,Leanor,Kinningley,lkinningley6z@mozilla.com,Female
Olphert00252,Grete,Olphert,golphert70@arizona.edu,Female
Devennie00253,Ashbey,Devennie,adevennie71@infoseek.co.jp,Male
Yansons00254,Rodrigo,Yansons,ryansons72@cbsnews.com,Male
Corah00255,Tristan,Corah,tcorah73@theatlantic.com,Male
Dulin00256,Lyndsie,Dulin,ldulin74@blogger.com,Female
Loach00257,Garth,Loach,gloach75@addtoany.com,Male
Eatock00258,Cyrille,Eatock,ceatock76@dailymail.co.uk,Male
Romagosa00259,Angelico,Romagosa,aromagosa77@tripadvisor.com,Male
Hugonneau00260,Lilli,Hugonneau,lhugonneau78@tumblr.com,Female
Luter00261,Fonz,Luter,fluter79@ted.com,Male
Jacmard00262,Hunt,Jacmard,hjacmard7a@google.com.hk,Male
Valek00263,Cam,Valek,cvalek7b@uiuc.edu,Female
Thirwell00264,Carmelina,Thirwell,cthirwell7c@mac.com,Female
Coppins00265,Akim,Coppins,acoppins7d@123-reg.co.uk,Male
Ahrenius00266,Fifi,Ahrenius,fahrenius7e@posterous.com,Female
Mil00267,Robinson,Mil,rmil7f@kickstarter.com,Male
Luke00268,Even,Luke,eluke7g@howstuffworks.com,Male
Frascone00269,Simmonds,Frascone,sfrascone7h@google.com.hk,Male
Cockarill00270,Virgie,Cockarill,vcockarill7i@nasa.gov,Female
Stearns00271,Chane,Stearns,cstearns7j@amazon.de,Male
De Vere00272,Blythe,De Vere,bdevere7k@cocolog-nifty.com,Female
Dickens00273,Catherin,Dickens,cdickens7l@odnoklassniki.ru,Female
Fassbindler00274,Gearard,Fassbindler,gfassbindler7m@buzzfeed.com,Male
Lardez00275,Inesita,Lardez,ilardez7n@mit.edu,Female
Janiak00276,Nicko,Janiak,njaniak7o@miibeian.gov.cn,Male
Grabiec00277,Benny,Grabiec,bgrabiec7p@timesonline.co.uk,Female
Andrejs00278,Kim,Andrejs,kandrejs7q@tinyurl.com,Male
Lamplugh00279,Annice,Lamplugh,alamplugh7r@toplist.cz,Female
Denacamp00280,Kellsie,Denacamp,kdenacamp7s@bing.com,Female
Palphramand00281,Anthia,Palphramand,apalphramand7t@unesco.org,Female
Scamal00282,Mandel,Scamal,mscamal7u@paypal.com,Male
Bolderson00283,Florella,Bolderson,fbolderson7v@howstuffworks.com,Female
Eidelman00284,Gaylord,Eidelman,geidelman7w@admin.ch,Male
Denniston00285,Michal,Denniston,mdenniston7x@patch.com,Female
Rolph00286,Winn,Rolph,wrolph7y@independent.co.uk,Male
Becconsall00287,Clarice,Becconsall,cbecconsall7z@theglobeandmail.com,Female
Peet00288,Wilhelmina,Peet,wpeet80@ihg.com,Female
Onele00289,Timothee,Onele,tonele81@theatlantic.com,Male
Dirkin00290,Frederich,Dirkin,fdirkin82@geocities.com,Male
Lutwidge00291,Northrop,Lutwidge,nlutwidge83@indiegogo.com,Male
Britland00292,Isac,Britland,ibritland84@devhub.com,Male
Harnetty00293,Isacco,Harnetty,iharnetty85@google.it,Male
Scammell00294,Randy,Scammell,rscammell86@eepurl.com,Male
Argont00295,Renee,Argont,rargont87@hostgator.com,Female
Brayne00296,Craggie,Brayne,cbrayne88@shop-pro.jp,Male
Birds00297,Lawry,Birds,lbirds89@mtv.com,Male
Hallet00298,Christabella,Hallet,challet8a@buzzfeed.com,Female
Micah00299,Alberta,Micah,amicah8b@abc.net.au,Female
Miebes00300,Pet,Miebes,pmiebes8c@over-blog.com,Female
Fenemore00301,Gaye,Fenemore,gfenemore8d@adobe.com,Female
Gyurko00302,Thomasa,Gyurko,tgyurko8e@geocities.jp,Female
Severns00303,Reube,Severns,rseverns8f@sciencedirect.com,Male
Fairbrother00304,Meredithe,Fairbrother,mfairbrother8g@edublogs.org,Female
Poone00305,Luella,Poone,lpoone8h@vinaora.com,Female
McCool00306,Franky,McCool,fmccool8i@irs.gov,Female
Darlow00307,Nelia,Darlow,ndarlow8j@weebly.com,Female
Eames00308,Melina,Eames,meames8k@fda.gov,Female
Frankiewicz00309,Gordie,Frankiewicz,gfrankiewicz8l@skyrock.com,Male
Joliffe00310,Ingrim,Joliffe,ijoliffe8m@ebay.com,Male
Bondar00311,Krishnah,Bondar,kbondar8n@seattletimes.com,Male
Ashburner00312,Sigvard,Ashburner,sashburner8o@forbes.com,Male
Jedrzejczak00313,Cesya,Jedrzejczak,cjedrzejczak8p@baidu.com,Female
Durbann00314,Marie-ann,Durbann,mdurbann8q@eventbrite.com,Female
Dabels00315,Ian,Dabels,idabels8r@vinaora.com,Male
Sappson00316,Gearard,Sappson,gsappson8s@usda.gov,Male
Betonia00317,Cory,Betonia,cbetonia8t@dot.gov,Male
Ogelbe00318,Clemmie,Ogelbe,cogelbe8u@hp.com,Male
Musla00319,Penn,Musla,pmusla8v@google.com.hk,Male
Kingsnod00320,Burke,Kingsnod,bkingsnod8w@google.de,Male
Tilsley00321,Julissa,Tilsley,jtilsley8x@rediff.com,Female
Attenborough00322,Ileane,Attenborough,iattenborough8y@networkadvertising.org,Female
Kyd00323,Anatole,Kyd,akyd8z@quantcast.com,Male
Grog00324,Ginnie,Grog,ggrog90@chicagotribune.com,Female
Windibank00325,Laurens,Windibank,lwindibank91@google.pl,Male
Neward00326,Dominick,Neward,dneward92@theatlantic.com,Male
Ambler00327,Thaine,Ambler,tambler93@mac.com,Male
Atkins00328,Myrta,Atkins,matkins94@cornell.edu,Female
Harford00329,Renaldo,Harford,rharford95@cocolog-nifty.com,Male
Balkwill00330,Merrick,Balkwill,mbalkwill96@globo.com,Male
Piatti00331,Burton,Piatti,bpiatti97@trellian.com,Male
Uc00332,Drusilla,Uc,duc98@desdev.cn,Female
Peachey00333,Cyndi,Peachey,cpeachey99@aboutads.info,Female
Cocksedge00334,Louise,Cocksedge,lcocksedge9a@friendfeed.com,Female
Parfrey00335,Ashlan,Parfrey,aparfrey9b@163.com,Female
Lynock00336,Fanchette,Lynock,flynock9c@slashdot.org,Female
Baptie00337,Irina,Baptie,ibaptie9d@va.gov,Female
Samweyes00338,Clo,Samweyes,csamweyes9e@livejournal.com,Female
Aicken00339,Lazare,Aicken,laicken9f@blog.com,Male
Corradini00340,Igor,Corradini,icorradini9g@dot.gov,Male
Rosas00341,Justina,Rosas,jrosas9h@marriott.com,Female
Teresia00342,Lief,Teresia,lteresia9i@utexas.edu,Male
Naisbet00343,Kinsley,Naisbet,knaisbet9j@wikimedia.org,Male
Errett00344,Jackqueline,Errett,jerrett9k@privacy.gov.au,Female
Kief00345,Fabien,Kief,fkief9l@biblegateway.com,Male
Devigne00346,Kassey,Devigne,kdevigne9m@scribd.com,Female
Sambedge00347,Chane,Sambedge,csambedge9n@va.gov,Male
Meere00348,Erhard,Meere,emeere9o@salon.com,Male
Sodor00349,Welch,Sodor,wsodor9p@geocities.jp,Male
Ganing00350,Noam,Ganing,nganing9q@aboutads.info,Male
Holliar00351,Mattie,Holliar,mholliar9r@hatena.ne.jp,Female
Rowter00352,Kelsi,Rowter,krowter9s@ebay.co.uk,Female
Washtell00353,Karoly,Washtell,kwashtell9t@aol.com,Female
Downie00354,Marcello,Downie,mdownie9u@stanford.edu,Male
Ryles00355,Reid,Ryles,rryles9v@mysql.com,Male
Chasemore00356,Hally,Chasemore,hchasemore9w@addthis.com,Female
Linder00357,Jerome,Linder,jlinder9x@google.com.hk,Male
Twinbrow0035822,Joanie,Twinbrow,jtwinbrow9y@flavors.me,Female
Clift00359,Benito,Clift,bclift9z@nbcnews.com,Male
Le feuvre00360,Andy,Le feuvre,alefeuvrea0@alibaba.com,Female
Howerd00361,Tan,Howerd,thowerda1@squarespace.com,Male
Colby00362,Delinda,Colby,dcolbya2@parallels.com,Female
Wykey00363,Al,Wykey,awykeya3@desdev.cn,Male
Hardinge00364,Faulkner,Hardinge,fhardingea4@rambler.ru,Male
Edmett00365,Elyn,Edmett,eedmetta5@pagesperso-orange.fr,Female
Cornbell0036653,Orlan,Cornbell,ocornbella6@rambler.ru,Male
Haversham00367,Gabbi,Haversham,ghavershama7@woothemes.com,Female
Thomann00368,Amble,Thomann,athomanna8@bloomberg.com,Male
Shergold00369,Mikol,Shergold,mshergolda9@ihg.com,Male
Bigadike00370,Whitman,Bigadike,wbigadikeaa@mashable.com,Male
Mc Meekin00371,Veradis,Mc Meekin,vmcmeekinab@weebly.com,Female
Samuels00372,Rochelle,Samuels,rsamuelsac@discovery.com,Female
Tittletross00373,Marian,Tittletross,mtittletrossad@boston.com,Female
Martinet00374,Elsbeth,Martinet,emartinetae@example.com,Female
Wagnerin00375,Alfy,Wagnerin,awagnerinaf@dedecms.com,Female
Driutti00376,Nissa,Driutti,ndriuttiag@nps.gov,Female
Bare00377,Lesya,Bare,lbareah@behance.net,Female
Goracci00378,Tommy,Goracci,tgoracciai@arizona.edu,Female
Seagrove00379,Shellie,Seagrove,sseagroveaj@youtube.com,Female
Pimerick00380,Felecia,Pimerick,fpimerickak@aboutads.info,Female
Matousek00381,Therese,Matousek,tmatousekal@google.nl,Female
Yurin00382,Jeremias,Yurin,jyurinam@washingtonpost.com,Male
Wagg00383,Sherm,Wagg,swaggan@yellowpages.com,Male
Dymoke00384,Brock,Dymoke,bdymokeao@sfgate.com,Male
Greger00385,Ailbert,Greger,agregerap@edublogs.org,Male
Deyenhardt00386,Vilma,Deyenhardt,vdeyenhardtaq@nasa.gov,Female
Durston00387,Tressa,Durston,tdurstonar@cam.ac.uk,Female
Clynmans00388,Erik,Clynmans,eclynmansas@dedecms.com,Male
Houlridge00389,Marven,Houlridge,mhoulridgeat@histats.com,Male
Coggan00390,Onfroi,Coggan,ocogganau@skyrock.com,Male
Putson00391,Aluin,Putson,aputsonav@bloomberg.com,Male
Rosso00392,Jeffry,Rosso,jrossoaw@booking.com,Male
Gookey00393,Zared,Gookey,zgookeyax@etsy.com,Male
Rubee00394,Carly,Rubee,crubeeay@mysql.com,Female
Jakubski00395,Fanechka,Jakubski,fjakubskiaz@1688.com,Female
Fairhall00396,Mikol,Fairhall,mfairhallb0@webmd.com,Male
Fleeming00397,Valma,Fleeming,vfleemingb1@mlb.com,Female
Philbrook00398,Penn,Philbrook,pphilbrookb2@msu.edu,Male
Coltan00399,Jeremy,Coltan,jcoltanb3@nasa.gov,Male
Foyster00400,Keriann,Foyster,kfoysterb4@epa.gov,Female
Gaggen00401,Shani,Gaggen,sgaggenb5@studiopress.com,Female
Drayn00402,Obediah,Drayn,odraynb6@princeton.edu,Male
Kuller00403,Rana,Kuller,rkullerb7@sciencedirect.com,Female
Lere00404,Vassili,Lere,vlereb8@nymag.com,Male
Dyster00405,Elwira,Dyster,edysterb9@dailymotion.com,Female
Trevascus00406,Cully,Trevascus,ctrevascusba@admin.ch,Male
Moxon00407,Rachael,Moxon,rmoxonbb@joomla.org,Female
Cartmel00408,Philis,Cartmel,pcartmelbc@mac.com,Female
Fletcher00409,Rodie,Fletcher,rfletcherbd@google.fr,Female
Roseborough00410,Demetria,Roseborough,droseboroughbe@virginia.edu,Female
Treharne00411,Pooh,Treharne,ptreharnebf@miitbeian.gov.cn,Male
Pirrone00412,Rozina,Pirrone,rpirronebg@samsung.com,Female
Cumberlidge00413,Jillie,Cumberlidge,jcumberlidgebh@lycos.com,Female
Pirelli00414,Gearalt,Pirelli,gpirellibi@miitbeian.gov.cn,Male
Filipiak00415,Abbie,Filipiak,afilipiakbj@godaddy.com,Male
Coldtart0041697,Arlen,Coldtart,acoldtartbk@google.cn,Male
Mander00417,Roderich,Mander,rmanderbl@time.com,Male
Jupe00418,Stella,Jupe,sjupebm@zdnet.com,Female
Mullard00419,Kent,Mullard,kmullardbn@newyorker.com,Male
Asgodby00420,Prentice,Asgodby,pasgodbybo@eventbrite.com,Male
Sharrem00421,Mil,Sharrem,msharrembp@google.com,Female
Trood00422,Mia,Trood,mtroodbq@reverbnation.com,Female
Jiruca00423,Ilysa,Jiruca,ijirucabr@elegantthemes.com,Female
Bugbird00424,Noland,Bugbird,nbugbirdbs@t.co,Male
Fredi00425,Jozef,Fredi,jfredibt@sogou.com,Male
Halloway00426,Elnora,Halloway,ehallowaybu@dion.ne.jp,Female
Stapylton00427,Dal,Stapylton,dstapyltonbv@cdc.gov,Male
Aguirrezabala00428,Vinny,Aguirrezabala,vaguirrezabalabw@com.com,Male
Roycroft00429,Neale,Roycroft,nroycroftbx@zdnet.com,Male
Eckersley00430,Brand,Eckersley,beckersleyby@ovh.net,Male
Ascraft00431,Josey,Ascraft,jascraftbz@mediafire.com,Female
Rominov0043256,Benjie,Rominov,brominovc0@woothemes.com,Male
Shanks00433,Beck,Shanks,bshanksc1@nih.gov,Male
Hayball00434,Alexei,Hayball,ahayballc2@e-recht24.de,Male
Constance00435,Karoly,Constance,kconstancec3@spotify.com,Male
McGerraghty00436,Xerxes,McGerraghty,xmcgerraghtyc4@mail.ru,Male
Mancer00437,Vivienne,Mancer,vmancerc5@craigslist.org,Female
Vose00438,Dag,Vose,dvosec6@theglobeandmail.com,Male
Permain00439,Clarita,Permain,cpermainc7@oracle.com,Female
Sauter00440,Geraldine,Sauter,gsauterc8@cnbc.com,Female
Imort00441,Russell,Imort,rimortc9@dion.ne.jp,Male
Reynault00442,Mei,Reynault,mreynaultca@adobe.com,Female
Codi00443,Ceciley,Codi,ccodicb@plala.or.jp,Female
Tant00444,Otes,Tant,otantcc@woothemes.com,Male
Matteau00445,Kristien,Matteau,kmatteaucd@flickr.com,Female
Piborn00446,Krista,Piborn,kpibornce@bizjournals.com,Female
Corbitt00447,Paulie,Corbitt,pcorbittcf@google.it,Male
Da Costa00448,Elbertine,Da Costa,edacostacg@artisteer.com,Female
Ellams00449,Micheline,Ellams,mellamsch@weebly.com,Female
Beecham00450,Roley,Beecham,rbeechamci@fotki.com,Male
Diggin00451,Averyl,Diggin,adiggincj@yahoo.co.jp,Female
Theaker00452,Bat,Theaker,btheakerck@sina.com.cn,Male
Loch00453,Matthieu,Loch,mlochcl@patch.com,Male
Hutten00454,Griffith,Hutten,ghuttencm@lycos.com,Male
Toope00455,Joey,Toope,jtoopecn@tuttocitta.it,Male
Lademann00456,Marylee,Lademann,mlademannco@odnoklassniki.ru,Female
McIlmurray00457,Cassandry,McIlmurray,cmcilmurraycp@amazon.de,Female
Smyth00458,Michele,Smyth,msmythcq@sbwire.com,Male
Risebarer00459,Melissa,Risebarer,mrisebarercr@cnbc.com,Female
Wannop00460,Wallas,Wannop,wwannopcs@tumblr.com,Male
Woolveridge00461,Lyn,Woolveridge,lwoolveridgect@163.com,Female
Whapples00462,Melody,Whapples,mwhapplescu@hhs.gov,Female
Shoveller00463,Danny,Shoveller,dshovellercv@altervista.org,Male
Mulchrone00464,Lay,Mulchrone,lmulchronecw@purevolume.com,Male
Flacknoe00465,Llywellyn,Flacknoe,lflacknoecx@nyu.edu,Male
Tropman00466,Erasmus,Tropman,etropmancy@google.nl,Male
Hawkyens00467,Marve,Hawkyens,mhawkyenscz@google.co.uk,Male
Handover00468,Charmian,Handover,chandoverd0@yellowpages.com,Female
Le Lievre00469,Georgette,Le Lievre,glelievred1@wsj.com,Female
Bullivent00470,Rianon,Bullivent,rbulliventd2@cam.ac.uk,Female
De Cleen00471,Blair,De Cleen,bdecleend3@macromedia.com,Female
Brum00472,Colene,Brum,cbrumd4@hud.gov,Female
O'Moylane00473,Dasha,O'Moylane,domoylaned5@wp.com,Female
Devanny00474,Yorgos,Devanny,ydevannyd6@cyberchimps.com,Male
Leblanc00475,Inness,Leblanc,ileblancd7@delicious.com,Male
Gilman00476,Leann,Gilman,lgilmand8@lulu.com,Female
Antoszewski00477,Liza,Antoszewski,lantoszewskid9@cpanel.net,Female
Jeandeau00478,Eric,Jeandeau,ejeandeauda@oaic.gov.au,Male
Antcliffe00479,Ervin,Antcliffe,eantcliffedb@g.co,Male
Cossell00480,Ashil,Cossell,acosselldc@eventbrite.com,Female
Gauld00481,Renaldo,Gauld,rgaulddd@storify.com,Male
Friedlos00482,Kahaleel,Friedlos,kfriedlosde@github.com,Male
Weitzel00483,Aluin,Weitzel,aweitzeldf@miibeian.gov.cn,Male
Day00484,Stinky,Day,sdaydg@drupal.org,Male
Filipczak00485,Filberto,Filipczak,ffilipczakdh@prnewswire.com,Male
Alcorn00486,Danni,Alcorn,dalcorndi@friendfeed.com,Female
Bumpass00487,Stevy,Bumpass,sbumpassdj@arizona.edu,Male
Rance00488,Lorin,Rance,lrancedk@bloglovin.com,Male
Andrassy00489,Meta,Andrassy,mandrassydl@sogou.com,Female
Mc Kellen00490,Drusilla,Mc Kellen,dmckellendm@bloomberg.com,Female
Morant00491,Cliff,Morant,cmorantdn@joomla.org,Male
Thomazet00492,Jordon,Thomazet,jthomazetdo@ocn.ne.jp,Male
Burbury00493,Burton,Burbury,bburburydp@marriott.com,Male
Faraday00494,Kassi,Faraday,kfaradaydq@marriott.com,Female
Narramor00495,Maurie,Narramor,mnarramordr@umn.edu,Male
Jeckells00496,Ariadne,Jeckells,ajeckellsds@yahoo.co.jp,Female
Kall00497,Connor,Kall,ckalldt@biblegateway.com,Male
Mochan00498,Frederica,Mochan,fmochandu@hugedomains.com,Female
Thomton00499,Josy,Thomton,jthomtondv@github.io,Female
Withrington00500,Rodolphe,Withrington,rwithringtondw@canalblog.com,Male
Paulillo00501,Lucinda,Paulillo,lpaulillodx@abc.net.au,Female
Dallas00502,Yoko,Dallas,ydallasdy@fc2.com,Female
Coulthurst00503,Joete,Coulthurst,jcoulthurstdz@storify.com,Female
Cunney00504,Lonni,Cunney,lcunneye0@lycos.com,Female
Foss00505,Phillipe,Foss,pfosse1@joomla.org,Male
Chorlton00506,Kittie,Chorlton,kchorltone2@miibeian.gov.cn,Female
Armitt00507,Lynde,Armitt,larmitte3@cpanel.net,Female
Manning00508,Hall,Manning,hmanninge4@bloglovin.com,Male
Klehn00509,Bernetta,Klehn,bklehne5@infoseek.co.jp,Female
Bengochea00510,Engelbert,Bengochea,ebengocheae6@google.co.uk,Male
Thompson00511,Vernice,Thompson,vthompsone7@360.cn,Female
Attridge00512,Cissiee,Attridge,cattridgee8@jiathis.com,Female
Iacivelli00513,Roxanna,Iacivelli,riacivellie9@go.com,Female
Edington00514,Jillene,Edington,jedingtonea@washington.edu,Female
Wahlberg00515,Rowan,Wahlberg,rwahlbergeb@usda.gov,Male
Pasquale00516,Maurise,Pasquale,mpasqualeec@feedburner.com,Female
Guidetti00517,Willa,Guidetti,wguidettied@timesonline.co.uk,Female
Record00518,Thorny,Record,trecordee@squidoo.com,Male
Meneely00519,Rebekah,Meneely,rmeneelyef@hp.com,Female
Nabarro00520,Pearle,Nabarro,pnabarroeg@dailymotion.com,Female
Dobing00521,Rhett,Dobing,rdobingeh@tamu.edu,Male
Thirst00522,Chrisse,Thirst,cthirstei@altervista.org,Male
Summerhayes00523,Lloyd,Summerhayes,lsummerhayesej@amazonaws.com,Male
Simenel00524,Xenos,Simenel,xsimenelek@people.com.cn,Male
Booy00525,Merrick,Booy,mbooyel@wordpress.org,Male
Le Floch00526,Eldredge,Le Floch,eleflochem@mashable.com,Male
Damant00527,Damita,Damant,ddamanten@who.int,Female
Loveguard00528,Rosalyn,Loveguard,rloveguardeo@cisco.com,Female
Fawley00529,Ursuline,Fawley,ufawleyep@wikipedia.org,Female
Grunwall00530,Petrina,Grunwall,pgrunwalleq@hhs.gov,Female
Kesby00531,Madelene,Kesby,mkesbyer@aol.com,Female
Hamley00532,Jim,Hamley,jhamleyes@theguardian.com,Male
Tinline00533,Elsi,Tinline,etinlineet@businesswire.com,Female
Ricardo00534,Haley,Ricardo,hricardoeu@archive.org,Female
Deegan00535,Rochette,Deegan,rdeeganev@craigslist.org,Female
Renahan00536,Ranna,Renahan,rrenahanew@tmall.com,Female
Camilleri00537,Stevena,Camilleri,scamilleriex@surveymonkey.com,Female
Divers00538,Moyra,Divers,mdiversey@ebay.com,Female
Kirlin00539,David,Kirlin,dkirlinez@cbslocal.com,Male
Speerman00540,Cybill,Speerman,cspeermanf0@ebay.com,Female
Wishkar00541,Sanders,Wishkar,swishkarf1@ycombinator.com,Male
Blasgen00542,Egan,Blasgen,eblasgenf2@networkadvertising.org,Male
Gouth00543,Nanete,Gouth,ngouthf3@tinyurl.com,Female
Gillebride00544,Agatha,Gillebride,agillebridef4@nih.gov,Female
Recher00545,Elysee,Recher,erecherf5@shutterfly.com,Female
Mauchline00546,Ravi,Mauchline,rmauchlinef6@umich.edu,Male
Swinerd00547,Nyssa,Swinerd,nswinerdf7@cornell.edu,Female
Abbatucci00548,Lauritz,Abbatucci,labbatuccif8@tripod.com,Male
Calcut00549,Bram,Calcut,bcalcutf9@mtv.com,Male
Moubray00550,Thaxter,Moubray,tmoubrayfa@ucla.edu,Male
Gionettitti00551,Igor,Gionettitti,igionettittifb@eepurl.com,Male
Yendle00552,Harriot,Yendle,hyendlefc@addtoany.com,Female
Klimsch00553,Livvy,Klimsch,lklimschfd@wordpress.com,Female
Painter00554,Aurie,Painter,apainterfe@domainmarket.com,Female
Brychan00555,Barty,Brychan,bbrychanff@nydailynews.com,Male
Boldt00556,Balduin,Boldt,bboldtfg@ucoz.com,Male
Picopp00557,Delores,Picopp,dpicoppfh@samsung.com,Female
Peron00558,Jamie,Peron,jperonfi@twitter.com,Female
Corzon00559,Windy,Corzon,wcorzonfj@taobao.com,Female
Baugh00560,Anica,Baugh,abaughfk@bing.com,Female
Baniard00561,Sarena,Baniard,sbaniardfl@apple.com,Female
Walesby00562,Mella,Walesby,mwalesbyfm@ameblo.jp,Female
Pickthorn00563,Kingsley,Pickthorn,kpickthornfn@timesonline.co.uk,Male
Tatlow00564,Mira,Tatlow,mtatlowfo@elpais.com,Female
Proughten00565,Hamil,Proughten,hproughtenfp@cam.ac.uk,Male
Harrigan00566,Guntar,Harrigan,gharriganfq@aol.com,Male
Dulwitch00567,Lana,Dulwitch,ldulwitchfr@nationalgeographic.com,Female
Archard00568,Avril,Archard,aarchardfs@free.fr,Female
Larkin00569,Darcy,Larkin,dlarkinft@amazonaws.com,Male
Bouchier00570,Martainn,Bouchier,mbouchierfu@privacy.gov.au,Male
Philipeaux00571,Ange,Philipeaux,aphilipeauxfv@vk.com,Male
Alesio00572,Arlana,Alesio,aalesiofw@live.com,Female
Foot00573,Moselle,Foot,mfootfx@geocities.com,Female
Braycotton00574,Janella,Braycotton,jbraycottonfy@cisco.com,Female
Cleaton00575,Gussi,Cleaton,gcleatonfz@fda.gov,Female
Andrys00576,Arney,Andrys,aandrysg0@bloomberg.com,Male
Sumbler00577,Thia,Sumbler,tsumblerg1@amazon.co.uk,Female
Dickinson00578,Pavel,Dickinson,pdickinsong2@hp.com,Male
McCrainor00579,Lief,McCrainor,lmccrainorg3@marriott.com,Male
Woollett00580,Akim,Woollett,awoollettg4@delicious.com,Male
MacAdam00581,Shaine,MacAdam,smacadamg5@hibu.com,Male
Gleeson00582,Ned,Gleeson,ngleesong6@amazon.de,Male
Cazalet00583,Veronique,Cazalet,vcazaletg7@amazonaws.com,Female
Heggman00584,Rosalinda,Heggman,rheggmang8@statcounter.com,Female
Cranmore00585,Gordie,Cranmore,gcranmoreg9@nasa.gov,Male
Stork00586,Carlita,Stork,cstorkga@dmoz.org,Female
Teaser00587,Nancey,Teaser,nteasergb@com.com,Female
Houseman00588,Sloan,Houseman,shousemangc@sogou.com,Male
Creedland00589,Willie,Creedland,wcreedlandgd@prlog.org,Male
Jerred00590,Dew,Jerred,djerredge@washingtonpost.com,Male
Woofendell00591,Michal,Woofendell,mwoofendellgf@alexa.com,Male
Drewery00592,Didi,Drewery,ddrewerygg@narod.ru,Female
Panchin00593,Sargent,Panchin,spanchingh@slate.com,Male
Yarnley00594,Kandace,Yarnley,kyarnleygi@cbc.ca,Female
Ramsted0059597,Laurent,Ramsted,lramstedgj@aol.com,Male
Cramphorn00596,Catarina,Cramphorn,ccramphorngk@va.gov,Female
Buy00597,Herbert,Buy,hbuygl@examiner.com,Male
Fitchew00598,Peri,Fitchew,pfitchewgm@google.fr,Female
Zavattieri00599,Tobit,Zavattieri,tzavattierign@fastcompany.com,Male
Roalfe00600,Dael,Roalfe,droalfego@feedburner.com,Female
Bonome00601,Bea,Bonome,bbonomegp@admin.ch,Female
Wagen00602,Drusie,Wagen,dwagengq@people.com.cn,Female
Scemp00603,Web,Scemp,wscempgr@newsvine.com,Male
Goodere00604,Anders,Goodere,agooderegs@nymag.com,Male
Tommaseo00605,Sherill,Tommaseo,stommaseogt@ask.com,Female
Pilipyak00606,Ezequiel,Pilipyak,epilipyakgu@wiley.com,Male
Sizey00607,Doloritas,Sizey,dsizeygv@reference.com,Female
Roistone00608,Stormi,Roistone,sroistonegw@google.co.jp,Female
Blowers00609,Garold,Blowers,gblowersgx@newyorker.com,Male
Hurton00610,Edlin,Hurton,ehurtongy@rediff.com,Male
Mackinder00611,Michael,Mackinder,mmackindergz@virginia.edu,Male
Lanfranchi00612,Guido,Lanfranchi,glanfranchih0@freewebs.com,Male
Fitzroy00613,Donielle,Fitzroy,dfitzroyh1@webs.com,Female
Vasilmanov00614,Ferdinanda,Vasilmanov,fvasilmanovh2@is.gd,Female
Walak00615,Turner,Walak,twalakh3@discovery.com,Male
Cutsforth00616,Lurette,Cutsforth,lcutsforthh4@exblog.jp,Female
Dawtrey00617,Benny,Dawtrey,bdawtreyh5@japanpost.jp,Male
Castlake00618,Rosamond,Castlake,rcastlakeh6@dailymail.co.uk,Female
Brunsen00619,Jethro,Brunsen,jbrunsenh7@japanpost.jp,Male
St Quenin00620,Lizabeth,St Quenin,lstqueninh8@smugmug.com,Female
Philp00621,Francis,Philp,fphilph9@wisc.edu,Male
Lapides00622,Haskel,Lapides,hlapidesha@china.com.cn,Male
Tollow00623,Ronnie,Tollow,rtollowhb@wiley.com,Female
Mollene00624,Robinetta,Mollene,rmollenehc@whitehouse.gov,Female
Dudny00625,Emmet,Dudny,edudnyhd@google.pl,Male
Burnand00626,Karim,Burnand,kburnandhe@yahoo.com,Male
Coade00627,Allie,Coade,acoadehf@pagesperso-orange.fr,Male
Lumber00628,Marlin,Lumber,mlumberhg@csmonitor.com,Male
Conroy00629,Isadora,Conroy,iconroyhh@independent.co.uk,Female
Filppetti00630,Urbanus,Filppetti,ufilppettihi@hostgator.com,Male
Odom00631,Elnar,Odom,eodomhj@spiegel.de,Male
Covet00632,Reba,Covet,rcovethk@dot.gov,Female
Trowill00633,Cassandre,Trowill,ctrowillhl@oaic.gov.au,Female
McErlaine00634,Homerus,McErlaine,hmcerlainehm@jimdo.com,Male
Cornner00635,Brennen,Cornner,bcornnerhn@thetimes.co.uk,Male
Bellew00636,Wait,Bellew,wbellewho@bloglovin.com,Male
Matthewson00637,Ernestus,Matthewson,ematthewsonhp@ustream.tv,Male
Scadding00638,Kikelia,Scadding,kscaddinghq@go.com,Female
Mainland00639,Gamaliel,Mainland,gmainlandhr@ovh.net,Male
Wrotham00640,Ursa,Wrotham,uwrothamhs@google.ru,Female
Vesque00641,Erna,Vesque,evesqueht@vk.com,Female
Hallin00642,Paulo,Hallin,phallinhu@patch.com,Male
Pankhurst.00643,Marcile,Pankhurst.,mpankhursthv@vinaora.com,Female
Fairhead00644,Constantine,Fairhead,cfairheadhw@liveinternet.ru,Male
Libby00645,Templeton,Libby,tlibbyhx@tripadvisor.com,Male
Tabary00646,Breanne,Tabary,btabaryhy@google.co.uk,Female
Bondar00647,Jodi,Bondar,jbondarhz@hao123.com,Male
Siemianowicz00648,Ddene,Siemianowicz,dsiemianowiczi0@bbc.co.uk,Female
Jowett00649,Leta,Jowett,ljowetti1@acquirethisname.com,Female
Waltering00650,Esra,Waltering,ewalteringi2@networkadvertising.org,Male
Hartburn0065167,Katie,Hartburn,khartburni3@irs.gov,Female
McCormack00652,Jere,McCormack,jmccormacki4@wordpress.org,Male
Sommerly00653,Cairistiona,Sommerly,csommerlyi5@ucsd.edu,Female
Delgado00654,Arlene,Delgado,adelgadoi6@loc.gov,Female
Stenner00655,Kean,Stenner,kstenneri7@bloomberg.com,Male
Ingraham00656,Raff,Ingraham,ringrahami8@pcworld.com,Male
Checchi00657,Bridie,Checchi,bchecchii9@blinklist.com,Female
Rowth00658,Tallie,Rowth,trowthia@arizona.edu,Male
Brason00659,Shae,Brason,sbrasonib@dell.com,Female
Weed00660,Tildie,Weed,tweedic@rediff.com,Female
Shoobridge00661,Gabbey,Shoobridge,gshoobridgeid@amazonaws.com,Female
Maffi00662,Paulina,Maffi,pmaffiie@blogs.com,Female
Kenney00663,Lawry,Kenney,lkenneyif@harvard.edu,Male
Crudgington00664,Ramona,Crudgington,rcrudgingtonig@bluehost.com,Female
Orteu00665,Lynnet,Orteu,lorteuih@addtoany.com,Female
Holton00666,Jerrome,Holton,jholtonii@merriam-webster.com,Male
MacAless00667,Shelagh,MacAless,smacalessij@va.gov,Female
Cregin00668,Orin,Cregin,ocreginik@sohu.com,Male
Pavlasek00669,Hadlee,Pavlasek,hpavlasekil@google.ru,Male
Vooght00670,Julianna,Vooght,jvooghtim@shareasale.com,Female
Georgievski00671,Dalis,Georgievski,dgeorgievskiin@google.co.uk,Male
Silversmid00672,Gaylor,Silversmid,gsilversmidio@mysql.com,Male
Goldson00673,Patricia,Goldson,pgoldsonip@ocn.ne.jp,Female
Blenkin00674,Colleen,Blenkin,cblenkiniq@un.org,Female
Harbar00675,Maurene,Harbar,mharbarir@reverbnation.com,Female
Lindenboim00676,Cristi,Lindenboim,clindenboimis@fotki.com,Female
Esposi00677,Domingo,Esposi,desposiit@microsoft.com,Male
Huckell00678,Kinsley,Huckell,khuckelliu@taobao.com,Male
Bohlens00679,Prentiss,Bohlens,pbohlensiv@liveinternet.ru,Male
Boughton00680,Townsend,Boughton,tboughtoniw@vk.com,Male
Calbert00681,Even,Calbert,ecalbertix@arstechnica.com,Male
Denne00682,Birdie,Denne,bdenneiy@feedburner.com,Female
Blooman00683,Claudius,Blooman,cbloomaniz@archive.org,Male
Dizlie00684,Leon,Dizlie,ldizliej0@cbslocal.com,Male
Rosengren00685,Tricia,Rosengren,trosengrenj1@prlog.org,Female
Breeds00686,Emily,Breeds,ebreedsj2@imgur.com,Female
Nairy00687,Anatola,Nairy,anairyj3@ezinearticles.com,Female
Rosenau00688,Lynnelle,Rosenau,lrosenauj4@blogspot.com,Female
Fellowes00689,Jordanna,Fellowes,jfellowesj5@yolasite.com,Female
Stephens00690,Fields,Stephens,fstephensj6@myspace.com,Male
Snodden00691,Pietro,Snodden,psnoddenj7@chicagotribune.com,Male
Hobden00692,Paulina,Hobden,phobdenj8@aboutads.info,Female
Eslemont00693,Krissy,Eslemont,keslemontj9@wikipedia.org,Female
Boddy00694,Freddie,Boddy,fboddyja@prweb.com,Male
Durand00695,Zorana,Durand,zdurandjb@google.com,Female
Sweeny00696,Ingaberg,Sweeny,isweenyjc@abc.net.au,Female
Thomas00697,Augustus,Thomas,athomasjd@timesonline.co.uk,Male
Halloran00698,Burty,Halloran,bhalloranje@issuu.com,Male
MacLaig00699,Reilly,MacLaig,rmaclaigjf@youku.com,Male
Revett00700,Truda,Revett,trevettjg@guardian.co.uk,Female
Henrie00701,Ernie,Henrie,ehenriejh@reverbnation.com,Male
Waddy00702,Theodor,Waddy,twaddyji@wordpress.com,Male
Cruce00703,Rafaellle,Cruce,rcrucejj@comcast.net,Male
Brundell0070435,Jacquie,Brundell,jbrundelljk@slashdot.org,Female
Guerry00705,Neille,Guerry,nguerryjl@blogtalkradio.com,Female
Wibrew00706,Jule,Wibrew,jwibrewjm@answers.com,Male
Padkin00707,Marje,Padkin,mpadkinjn@nymag.com,Female
Bettam00708,Erda,Bettam,ebettamjo@un.org,Female
Byart00709,Hersh,Byart,hbyartjp@pinterest.com,Male
Charopen00710,Lem,Charopen,lcharopenjq@icio.us,Male
Concannon00711,Jaquith,Concannon,jconcannonjr@simplemachines.org,Female
Frodsham00712,Caron,Frodsham,cfrodshamjs@webs.com,Female
Powley00713,Merci,Powley,mpowleyjt@cornell.edu,Female
Spinas00714,Elyse,Spinas,espinasju@spotify.com,Female
McNern00715,Enid,McNern,emcnernjv@psu.edu,Female
Hiom00716,Kathlin,Hiom,khiomjw@drupal.org,Female
Coulson00717,Corly,Coulson,ccoulsonjx@opensource.org,Female
McCoveney00718,Vivi,McCoveney,vmccoveneyjy@wordpress.com,Female
Escudier00719,Rickard,Escudier,rescudierjz@hibu.com,Male
Vanyakin00720,Justina,Vanyakin,jvanyakink0@google.it,Female
Toner00721,Melina,Toner,mtonerk1@dagondesign.com,Female
Hunt00722,Tod,Hunt,thuntk2@skype.com,Male
Tumbridge00723,Marissa,Tumbridge,mtumbridgek3@hao123.com,Female
Ginni00724,Andie,Ginni,aginnik4@paginegialle.it,Male
Aysh00725,Wilone,Aysh,wayshk5@google.ca,Female
Bligh00726,Fanchette,Bligh,fblighk6@howstuffworks.com,Female
Cringle00727,Freddie,Cringle,fcringlek7@epa.gov,Female
Reneke00728,Bernelle,Reneke,brenekek8@mozilla.com,Female
Lyffe00729,Francis,Lyffe,flyffek9@webs.com,Male
Louche00730,Julius,Louche,jloucheka@hubpages.com,Male
Montacute00731,Dewain,Montacute,dmontacutekb@abc.net.au,Male
Dillon00732,Amber,Dillon,adillonkc@usa.gov,Female
Nicholl00733,Adler,Nicholl,anichollkd@va.gov,Male
Stapleford00734,Mano,Stapleford,mstaplefordke@mtv.com,Male
Eyckelbeck00735,Lesly,Eyckelbeck,leyckelbeckkf@aol.com,Female
Ambage00736,Georgeta,Ambage,gambagekg@fastcompany.com,Female
Giaomozzo00737,Walt,Giaomozzo,wgiaomozzokh@fc2.com,Male
Charity00738,Marina,Charity,mcharityki@istockphoto.com,Female
Dean00739,Ferne,Dean,fdeankj@shutterfly.com,Female
O' Hogan00740,Harlan,O' Hogan,hohogankk@g.co,Male
Henrot00741,Al,Henrot,ahenrotkl@uol.com.br,Male
Emsley00742,Milzie,Emsley,memsleykm@reddit.com,Female
Harvey00743,Feodora,Harvey,fharveykn@indiegogo.com,Female
Machel00744,Camille,Machel,cmachelko@homestead.com,Female
Pavier00745,Elbertine,Pavier,epavierkp@flickr.com,Female
Bakhrushin00746,Winifield,Bakhrushin,wbakhrushinkq@ox.ac.uk,Male
Cookley00747,Violante,Cookley,vcookleykr@irs.gov,Female
Ivel00748,Yurik,Ivel,yivelks@prlog.org,Male
Lucock00749,Fanchon,Lucock,flucockkt@woothemes.com,Female
Feldmesser00750,Sandie,Feldmesser,sfeldmesserku@guardian.co.uk,Female
Davisson00751,Annadiana,Davisson,adavissonkv@berkeley.edu,Female
Blaydon00752,Bartram,Blaydon,bblaydonkw@bluehost.com,Male
Cutforth00753,Ernest,Cutforth,ecutforthkx@storify.com,Male
Petrescu00754,Fransisco,Petrescu,fpetrescuky@posterous.com,Male
Treves00755,Kasper,Treves,ktreveskz@cnn.com,Male
Soltan00756,Ibby,Soltan,isoltanl0@feedburner.com,Female
Kenwin00757,Gill,Kenwin,gkenwinl1@hao123.com,Female
Camell00758,Euell,Camell,ecamelll2@kickstarter.com,Male
Buckerfield00759,Barny,Buckerfield,bbuckerfieldl3@home.pl,Male
Feldharker00760,Rafferty,Feldharker,rfeldharkerl4@omniture.com,Male
Barlow00761,Barnabas,Barlow,bbarlowl5@sakura.ne.jp,Male
Giffon00762,Dannie,Giffon,dgiffonl6@vk.com,Male
Addy0076316,Aile,Addy,aaddyl7@mapy.cz,Female
Semrad00764,Fidela,Semrad,fsemradl8@usda.gov,Female
Posten00765,Rozella,Posten,rpostenl9@wordpress.com,Female
Eadon00766,Franklin,Eadon,feadonla@fc2.com,Male
Jiran00767,Alethea,Jiran,ajiranlb@jimdo.com,Female
Tribbeck00768,Gery,Tribbeck,gtribbecklc@webnode.com,Male
Springell00769,Marietta,Springell,mspringellld@weebly.com,Male
Coleson00770,Mead,Coleson,mcolesonle@fastcompany.com,Male
Pepineaux00771,Zane,Pepineaux,zpepineauxlf@goo.gl,Male
Gannon00772,Daniele,Gannon,dgannonlg@gizmodo.com,Female
Seniour00773,Cobb,Seniour,cseniourlh@businesswire.com,Male
Gepp00774,Chilton,Gepp,cgeppli@google.ca,Male
Lowrey00775,Lemar,Lowrey,llowreylj@spotify.com,Male
Dober00776,Bendite,Dober,bdoberlk@springer.com,Female
Groucock00777,Amie,Groucock,agroucockll@sakura.ne.jp,Female
Maryan00778,Rozalie,Maryan,rmaryanlm@ebay.com,Female
Kime00779,Addy,Kime,akimeln@squarespace.com,Female
Giovannardi00780,Lindsey,Giovannardi,lgiovannardilo@goo.ne.jp,Female
Haythorn00781,Jeromy,Haythorn,jhaythornlp@etsy.com,Male
Gonzalo00782,Desmund,Gonzalo,dgonzalolq@furl.net,Male
Lorkin00783,Edythe,Lorkin,elorkinlr@auda.org.au,Female
Toyer00784,Nevil,Toyer,ntoyerls@goodreads.com,Male
Girth00785,Lucia,Girth,lgirthlt@home.pl,Female
Titchen00786,Janeta,Titchen,jtitchenlu@about.me,Female
Riggeard00787,Gardner,Riggeard,griggeardlv@google.nl,Male
Trehearn00788,Teriann,Trehearn,ttrehearnlw@vistaprint.com,Female
Corston00789,Dermot,Corston,dcorstonlx@mapy.cz,Male
Deuss00790,Tris,Deuss,tdeussly@webeden.co.uk,Male
Di Bernardo00791,Lezlie,Di Bernardo,ldibernardolz@abc.net.au,Female
Schwandermann00792,Westbrook,Schwandermann,wschwandermannm0@usnews.com,Male
Vida00793,Hal,Vida,hvidam1@cpanel.net,Male
Rugg00794,Kerby,Rugg,kruggm2@oakley.com,Male
Walbrook00795,Thekla,Walbrook,twalbrookm3@xing.com,Female
Mundy00796,Steffie,Mundy,smundym4@nytimes.com,Female
Lawry00797,Traver,Lawry,tlawrym5@google.de,Male
Riha00798,Murdoch,Riha,mriham6@seattletimes.com,Male
Parr00799,Thoma,Parr,tparrm7@virginia.edu,Male
Veldstra00800,Sidnee,Veldstra,sveldstram8@nbcnews.com,Male
Giannassi00801,Norbert,Giannassi,ngiannassim9@dmoz.org,Male
Penhall00802,Elsbeth,Penhall,epenhallma@cornell.edu,Female
Kinneally00803,Trevor,Kinneally,tkinneallymb@meetup.com,Male
Ciottoi00804,Sophey,Ciottoi,sciottoimc@alibaba.com,Female
Walcher00805,Ignacio,Walcher,iwalchermd@cnn.com,Male
Feighney00806,Sherill,Feighney,sfeighneyme@geocities.com,Female
Haire00807,Dayle,Haire,dhairemf@trellian.com,Female
Burkin00808,Hazel,Burkin,hburkinmg@ow.ly,Male
Shuttleworth00809,Benedetto,Shuttleworth,bshuttleworthmh@freewebs.com,Male
Donan00810,Gabie,Donan,gdonanmi@multiply.com,Male
Graffin00811,Kariotta,Graffin,kgraffinmj@dropbox.com,Female
Djorvic00812,Arley,Djorvic,adjorvicmk@51.la,Male
Hugonet00813,Valene,Hugonet,vhugonetml@nhs.uk,Female
Jacquemot00814,Phaedra,Jacquemot,pjacquemotmm@youtube.com,Female
Skiggs00815,Valeda,Skiggs,vskiggsmn@prlog.org,Female
Marieton00816,Asia,Marieton,amarietonmo@yolasite.com,Female
Feary00817,Halley,Feary,hfearymp@howstuffworks.com,Female
Vasyukhin00818,Lorraine,Vasyukhin,lvasyukhinmq@irs.gov,Female
Kohnert00819,Eugen,Kohnert,ekohnertmr@sfgate.com,Male
Coushe00820,Bent,Coushe,bcoushems@biglobe.ne.jp,Male
Omar00821,Harv,Omar,homarmt@blogtalkradio.com,Male
Cardon00822,Zarah,Cardon,zcardonmu@twitpic.com,Female
Antoniewski00823,Hammad,Antoniewski,hantoniewskimv@nature.com,Male
Jacson0082455,Fredericka,Jacson,fjacsonmw@cdbaby.com,Female
Jennings00825,Rosalia,Jennings,rjenningsmx@google.pl,Female
Cowton00826,Filia,Cowton,fcowtonmy@aboutads.info,Female
Franzel00827,Rockey,Franzel,rfranzelmz@house.gov,Male
Jendricke00828,Halsy,Jendricke,hjendricken0@latimes.com,Male
Wilman00829,Sena,Wilman,swilmann1@last.fm,Female
Thornthwaite00830,Rozele,Thornthwaite,rthornthwaiten2@army.mil,Female
Saddleton00831,Caren,Saddleton,csaddletonn3@toplist.cz,Female
Snoddin00832,Che,Snoddin,csnoddinn4@slashdot.org,Male
Riccardi00833,Tilda,Riccardi,triccardin5@bandcamp.com,Female
Schiefersten00834,Erika,Schiefersten,eschieferstenn6@elpais.com,Female
Stansby00835,Wanids,Stansby,wstansbyn7@networkadvertising.org,Female
Rudeforth00836,Hannie,Rudeforth,hrudeforthn8@icio.us,Female
Cattlow00837,Lilas,Cattlow,lcattlown9@nps.gov,Female
Giannoni00838,Mendie,Giannoni,mgiannonina@discuz.net,Male
Winborn00839,Lynett,Winborn,lwinbornnb@timesonline.co.uk,Female
Kupper00840,Reinwald,Kupper,rkuppernc@latimes.com,Male
Olpin00841,Arvy,Olpin,aolpinnd@archive.org,Male
Josselson00842,Issy,Josselson,ijosselsonne@sina.com.cn,Female
Jakubovski00843,Alverta,Jakubovski,ajakubovskinf@angelfire.com,Female
Finby00844,Rowney,Finby,rfinbyng@github.com,Male
Tarquini00845,Killian,Tarquini,ktarquininh@drupal.org,Male
Froude00846,Ludovika,Froude,lfroudeni@dailymotion.com,Female
Soan00847,Carl,Soan,csoannj@chicagotribune.com,Male
Doutch00848,Bink,Doutch,bdoutchnk@cocolog-nifty.com,Male
Dove00849,Elwira,Dove,edovenl@cafepress.com,Female
Swanwick00850,Gregg,Swanwick,gswanwicknm@admin.ch,Male
Marner00851,Deva,Marner,dmarnernn@amazon.co.jp,Female
Stennine00852,Dugald,Stennine,dstennineno@cornell.edu,Male
Rathe00853,Shepard,Rathe,srathenp@nih.gov,Male
Bellanger00854,Emlen,Bellanger,ebellangernq@taobao.com,Male
Heckner00855,Cyril,Heckner,checknernr@google.com.br,Male
Coatman00856,Dennison,Coatman,dcoatmanns@last.fm,Male
Pittham00857,Flora,Pittham,fpitthamnt@gizmodo.com,Female
Joseff00858,Kerk,Joseff,kjoseffnu@w3.org,Male
Kiera00859,Kermit,Kiera,kkieranv@amazon.co.uk,Male
Matus00860,Ricardo,Matus,rmatusnw@irs.gov,Male
Silley00861,Christophe,Silley,csilleynx@slashdot.org,Male
Philippou00862,Petrina,Philippou,pphilippouny@dagondesign.com,Female
Stitle0086333,Nissie,Stitle,nstitlenz@oracle.com,Female
Gouley00864,Hillel,Gouley,hgouleyo0@fastcompany.com,Male
Weymouth00865,Andy,Weymouth,aweymoutho1@cocolog-nifty.com,Female
Matzl00866,Allys,Matzl,amatzlo2@google.co.jp,Female
Essam00867,Findlay,Essam,fessamo3@nps.gov,Male
Longthorn00868,Ferrell,Longthorn,flongthorno4@unblog.fr,Male
Flegg00869,Karlik,Flegg,kfleggo5@chicagotribune.com,Male
Marking00870,Davidson,Marking,dmarkingo6@tinypic.com,Male
Woodburne00871,Urbain,Woodburne,uwoodburneo7@mac.com,Male
Golley00872,Marcelle,Golley,mgolleyo8@japanpost.jp,Female
Chantree00873,Fonsie,Chantree,fchantreeo9@reverbnation.com,Male
Gormally00874,Waverly,Gormally,wgormallyoa@google.cn,Male
Phillcox00875,Noami,Phillcox,nphillcoxob@apache.org,Female
Charlick00876,Howey,Charlick,hcharlickoc@phpbb.com,Male
Peres00877,Stefanie,Peres,speresod@blogs.com,Female
Kobke00878,Waldo,Kobke,wkobkeoe@woothemes.com,Male
Szubert00879,Henrieta,Szubert,hszubertof@china.com.cn,Female
Vallery00880,Olly,Vallery,ovalleryog@sourceforge.net,Male
Pimmocke00881,Shaw,Pimmocke,spimmockeoh@mail.ru,Male
Mazzey00882,Yuma,Mazzey,ymazzeyoi@pcworld.com,Male
Lark00883,Rube,Lark,rlarkoj@bbb.org,Male
Ley00884,Dominica,Ley,dleyok@dell.com,Female
Dilleway00885,Anabal,Dilleway,adillewayol@1und1.de,Female
Prettejohns00886,Pearline,Prettejohns,pprettejohnsom@jigsy.com,Female
Gott00887,Worth,Gott,wgotton@cbc.ca,Male
Plail00888,Shep,Plail,splailoo@businessweek.com,Male
Kiledal00889,Sophey,Kiledal,skiledalop@moonfruit.com,Female
Rolley00890,Sonnie,Rolley,srolleyoq@ted.com,Male
Rapelli00891,Bar,Rapelli,brapellior@biblegateway.com,Male
Ions00892,Yvor,Ions,yionsos@uol.com.br,Male
Roark00893,Shena,Roark,sroarkot@addthis.com,Female
Jerrams00894,Bruce,Jerrams,bjerramsou@uiuc.edu,Male
Yarwood00895,Evangelia,Yarwood,eyarwoodov@imgur.com,Female
Glendza00896,Aimil,Glendza,aglendzaow@php.net,Female
Wederell00897,Adriane,Wederell,awederellox@pen.io,Female
Hause00898,Minny,Hause,mhauseoy@ibm.com,Female
Rustadge00899,Amata,Rustadge,arustadgeoz@walmart.com,Female
Fillgate00900,Kassie,Fillgate,kfillgatep0@pcworld.com,Female
Danslow00901,Fabian,Danslow,fdanslowp1@com.com,Male
Soppit00902,Trey,Soppit,tsoppitp2@reddit.com,Male
Amdohr00903,Dukey,Amdohr,damdohrp3@homestead.com,Male
Monshall00904,Minor,Monshall,mmonshallp4@google.ca,Male
Long00905,Jerrold,Long,jlongp5@wikipedia.org,Male
Mitten00906,Ryun,Mitten,rmittenp6@craigslist.org,Male
Meekings00907,Kort,Meekings,kmeekingsp7@drupal.org,Male
Bragger00908,Marya,Bragger,mbraggerp8@constantcontact.com,Female
Knowlden00909,Budd,Knowlden,bknowldenp9@usda.gov,Male
Yerby00910,Gustave,Yerby,gyerbypa@naver.com,Male
Horlock00911,Patrizia,Horlock,phorlockpb@nps.gov,Female
Cotilard00912,Natasha,Cotilard,ncotilardpc@economist.com,Female
Espinho00913,Pooh,Espinho,pespinhopd@posterous.com,Female
Garbar00914,Ginger,Garbar,ggarbarpe@theatlantic.com,Male
Panons00915,Blanch,Panons,bpanonspf@sitemeter.com,Female
Merrifield00916,Silva,Merrifield,smerrifieldpg@illinois.edu,Female
Kavanagh00917,Ingemar,Kavanagh,ikavanaghph@e-recht24.de,Male
Arrington00918,Bette-ann,Arrington,barringtonpi@foxnews.com,Female
Benham00919,Lelah,Benham,lbenhampj@sphinn.com,Female
Croix00920,Norrie,Croix,ncroixpk@imageshack.us,Male
Brolan00921,Roarke,Brolan,rbrolanpl@posterous.com,Male
Bocking00922,Amalie,Bocking,abockingpm@chronoengine.com,Female
Tattersfield00923,Mac,Tattersfield,mtattersfieldpn@behance.net,Male
Thomassin00924,Martguerita,Thomassin,mthomassinpo@youku.com,Female
Sinnett00925,Tamarra,Sinnett,tsinnettpp@rakuten.co.jp,Female
Shubotham00926,Farrell,Shubotham,fshubothampq@paypal.com,Male
Baszkiewicz00927,Jourdain,Baszkiewicz,jbaszkiewiczpr@arstechnica.com,Male
Jakubiak00928,Eldridge,Jakubiak,ejakubiakps@yahoo.co.jp,Male
Elcocks00929,Charis,Elcocks,celcockspt@nymag.com,Female
Westhoff00930,Son,Westhoff,swesthoffpu@xing.com,Male
Gebby00931,Moises,Gebby,mgebbypv@sitemeter.com,Male
Hunnybun00932,Karyl,Hunnybun,khunnybunpw@marketwatch.com,Female
Ratcliffe00933,Thorn,Ratcliffe,tratcliffepx@deliciousdays.com,Male
Weems00934,Idell,Weems,iweemspy@scribd.com,Female
Mottram00935,Millisent,Mottram,mmottrampz@wikia.com,Female
Gollard00936,Tessa,Gollard,tgollardq0@lycos.com,Female
Kiraly00937,Vikki,Kiraly,vkiralyq1@digg.com,Female
Castanone00938,Maryellen,Castanone,mcastanoneq2@xrea.com,Female
Middler00939,Darya,Middler,dmiddlerq3@cafepress.com,Female
Suckling00940,Ilyse,Suckling,isucklingq4@theatlantic.com,Female
Livard00941,Kippar,Livard,klivardq5@oakley.com,Male
Corkell00942,Shanie,Corkell,scorkellq6@clickbank.net,Female
Lathleiffure00943,Iggie,Lathleiffure,ilathleiffureq7@nifty.com,Male
Hudspeth00944,Dante,Hudspeth,dhudspethq8@joomla.org,Male
Higgoe00945,Danila,Higgoe,dhiggoeq9@bizjournals.com,Female
Marven00946,Berk,Marven,bmarvenqa@eepurl.com,Male
Cantua00947,Phil,Cantua,pcantuaqb@disqus.com,Female
Fann00948,Tony,Fann,tfannqc@usgs.gov,Female
Hedylstone00949,Clarie,Hedylstone,chedylstoneqd@newyorker.com,Female
Demsey00950,Foster,Demsey,fdemseyqe@is.gd,Male
Beniesh00951,Mal,Beniesh,mbenieshqf@sourceforge.net,Male
Kibard00952,Hayward,Kibard,hkibardqg@tamu.edu,Male
Manhood00953,Zelma,Manhood,zmanhoodqh@goo.ne.jp,Female
Ivanenkov00954,Mufinella,Ivanenkov,mivanenkovqi@fotki.com,Female
Whiteley00955,Timmy,Whiteley,twhiteleyqj@tiny.cc,Female
Dran00956,Tamqrah,Dran,tdranqk@fema.gov,Female
Pigram00957,Gaston,Pigram,gpigramql@jalbum.net,Male
Broadist00958,Read,Broadist,rbroadistqm@indiegogo.com,Male
Fishbourn00959,Hastie,Fishbourn,hfishbournqn@pbs.org,Male
Blaby00960,Darrell,Blaby,dblabyqo@wix.com,Male
Kemell00961,Mattie,Kemell,mkemellqp@marketwatch.com,Female
Matic00962,Bil,Matic,bmaticqq@sciencedaily.com,Male
Peyzer00963,Tina,Peyzer,tpeyzerqr@amazon.de,Female
Ditts00964,Raviv,Ditts,rdittsqs@stanford.edu,Male
Scown00965,Neile,Scown,nscownqt@behance.net,Female
Marjanski00966,Silvano,Marjanski,smarjanskiqu@who.int,Male
Dingsdale00967,Nobie,Dingsdale,ndingsdaleqv@ihg.com,Male
Forker00968,Lindsay,Forker,lforkerqw@hp.com,Male
Megroff00969,Adler,Megroff,amegroffqx@msu.edu,Male
Moodie00970,Emlynne,Moodie,emoodieqy@wired.com,Female
Hassekl00971,Farrel,Hassekl,fhasseklqz@opera.com,Male
Mitchenson00972,Lil,Mitchenson,lmitchensonr0@engadget.com,Female
Bisp00973,Tito,Bisp,tbispr1@edublogs.org,Male
Bamblett00974,Mozelle,Bamblett,mbamblettr2@thetimes.co.uk,Female
Eby00975,Clem,Eby,cebyr3@marriott.com,Female
Roskilly00976,Tuck,Roskilly,troskillyr4@csmonitor.com,Male
Chaffin00977,Damon,Chaffin,dchaffinr5@soundcloud.com,Male
Rotte00978,Grannie,Rotte,grotter6@reuters.com,Male
Lemery00979,Alina,Lemery,alemeryr7@printfriendly.com,Female
Gillanders00980,Marylinda,Gillanders,mgillandersr8@google.co.uk,Female
Dozdill00981,Maurine,Dozdill,mdozdillr9@stanford.edu,Female
Ottewill00982,Kariotta,Ottewill,kottewillra@joomla.org,Female
Risborough00983,Daloris,Risborough,drisboroughrb@biglobe.ne.jp,Female
Phorsby00984,Melisandra,Phorsby,mphorsbyrc@sohu.com,Female
Peris00985,Blinni,Peris,bperisrd@desdev.cn,Female
Daintier00986,Belvia,Daintier,bdaintierre@paginegialle.it,Female
Taylorson00987,Glory,Taylorson,gtaylorsonrf@redcross.org,Female
Duffell00988,Loren,Duffell,lduffellrg@java.com,Male
Hayne00989,Nessa,Hayne,nhaynerh@time.com,Female
Brittoner00990,Evelyn,Brittoner,ebrittonerri@chronoengine.com,Male
Roon00991,Bendick,Roon,broonrj@diigo.com,Male
Rigden00992,Courtenay,Rigden,crigdenrk@toplist.cz,Female
Manuello00993,Florentia,Manuello,fmanuellorl@gmpg.org,Female
Randle00994,Codi,Randle,crandlerm@feedburner.com,Male
Finden00995,Eal,Finden,efindenrn@webnode.com,Male
Paydon00996,Kinnie,Paydon,kpaydonro@t-online.de,Male
Starzaker00997,Allix,Starzaker,astarzakerrp@spotify.com,Female
Banfill00998,Tani,Banfill,tbanfillrq@redcross.org,Female
Cherrie00999,Perl,Cherrie,pcherrierr@cmu.edu,Female
