id,first_name,last_name,email,gender
00000,Bendicty,Pinchbeck,bpinchbeck0@gizmodo.com,Male
00001,Letitia,Jerwood,ljerwood1@cdbaby.com,Female
00002,Ward,Habben,whabben2@miitbeian.gov.cn,Male
00003,Mac,Flewan,mflewan3@spiegel.de,Male
00004,Corny,Mease,cmease4@newsvine.com,Male
00005,Cristin,Scrowston,cscrowston5@who.int,Female
00006,Haze,Glasspoole,hglasspoole6@goo.ne.jp,Male
00007,Lenci,Bernardeschi,lbernardeschi7@cafepress.com,Male
00008,Lucie,Geck,lgeck8@upenn.edu,Female
00009,Woodman,Saul,wsaul9@toplist.cz,Male
00010,Rebekkah,Strelitzki,rstrelitzkia@live.com,Female
00011,Ogdan,Narbett,onarbettb@elpais.com,Male
00012,Marcelline,Davidsohn,mdavidsohnc@slashdot.org,Female
00013,Dulciana,Bartkiewicz,dbartkiewiczd@mapy.cz,Female
00014,Wilhelmine,Eldin,weldine@msu.edu,Female
00015,Roma,Savill,rsavillf@wikipedia.org,Male
00016,Laureen,Luker,llukerg@salon.com,Female
00017,Lucilia,Bryns,lbrynsh@addtoany.com,Female
00018,Ermina,Drains,edrainsi@shutterfly.com,Female
00019,Jo,Albutt,jalbuttj@wisc.edu,Female
00020,Teresina,Dacombe,tdacombek@ning.com,Female
00021,Jere,Cutsforth,jcutsforthl@businesswire.com,Female
00022,Hope,Dyers,hdyersm@addtoany.com,Female
00023,Dedra,Seys,dseysn@ucsd.edu,Female
00024,Valenka,de Merida,vdemeridao@ezinearticles.com,Female
00025,Koo,Pomeroy,kpomeroyp@sbwire.com,Female
00026,Glennis,Pennycuick,gpennycuickq@mlb.com,Female
00027,Nikoletta,Scorrer,nscorrerr@g.co,Female
00028,Henderson,Pastor,hpastors@lycos.com,Male
00029,Ashly,Macklam,amacklamt@slideshare.net,Female
00030,Priscella,Rashleigh,prashleighu@wsj.com,Female
00031,Lisle,Jervis,ljervisv@smh.com.au,Male
00032,Lilyan,Huckstepp,lhucksteppw@ox.ac.uk,Female
00033,Harper,Portt,hporttx@adobe.com,Male
00034,Agnesse,Dicte,adictey@lulu.com,Female
00035,Bartel,Talmadge,btalmadgez@fda.gov,Male
0003635,Sigrid,Deppe,sdeppe10@businessinsider.com,Female
00037,Kathlin,Keeffe,kkeeffe11@squidoo.com,Female
00038,Petey,Asker,pasker12@dedecms.com,Male
00039,Tarra,Daniellot,tdaniellot13@cpanel.net,Female
00040,Trixy,Hebbes,thebbes14@dmoz.org,Female
00041,Chloris,Cosslett,ccosslett15@webnode.com,Female
00042,Rodd,Deam,rdeam16@cafepress.com,Male
00043,Dael,Malitrott,dmalitrott17@a8.net,Male
00044,Wilbur,Zettoi,wzettoi18@scribd.com,Male
00045,Elia,Lattey,elattey19@so-net.ne.jp,Male
00046,Bette-ann,Churchley,bchurchley1a@soundcloud.com,Female
00047,Kara,Ivanov,kivanov1b@army.mil,Female
00048,Mariquilla,Dincey,mdincey1c@addtoany.com,Female
00049,Liv,Towersey,ltowersey1d@timesonline.co.uk,Female
00050,Matt,Crace,mcrace1e@dot.gov,Male
00051,Davon,Roalfe,droalfe1f@artisteer.com,Male
00052,Veda,Titheridge,vtitheridge1g@yale.edu,Female
00053,Elnore,Gatheridge,egatheridge1h@cargocollective.com,Female
00054,Jodi,Eccersley,jeccersley1i@skyrock.com,Male
00055,Maddie,Fryett,mfryett1j@clickbank.net,Male
00056,Alessandra,Partrick,apartrick1k@blogspot.com,Female
00057,Ronny,Szabo,rszabo1l@typepad.com,Male
00058,Derron,Farriar,dfarriar1m@arstechnica.com,Male
00059,Lucretia,Shoute,lshoute1n@zdnet.com,Female
00060,Griselda,McNair,gmcnair1o@cbslocal.com,Female
00061,Will,Burdoun,wburdoun1p@fc2.com,Male
00062,Kati,Tarbett,ktarbett1q@dedecms.com,Female
00063,Meghann,Shillaker,mshillaker1r@trellian.com,Female
0006465,Vladamir,Michelin,vmichelin1s@1688.com,Male
00065,Marsha,Gernier,mgernier1t@hostgator.com,Female
00066,Enoch,Stinchcombe,estinchcombe1u@blogs.com,Male
00067,Erhard,Abby,eabby1v@arstechnica.com,Male
00068,Edie,Necolds,enecolds1w@state.gov,Female
00069,Daryl,Darlasson,ddarlasson1x@irs.gov,Female
00070,Wallace,Bowbrick,wbowbrick1y@comcast.net,Male
00071,Dody,Zanussii,dzanussii1z@hp.com,Female
00072,Cleo,Berthod,cberthod20@house.gov,Female
00073,Fifine,Spat,fspat21@go.com,Female
00074,Kori,Vickarman,kvickarman22@apache.org,Female
00075,Ulberto,Van Arsdalen,uvanarsdalen23@wikipedia.org,Male
00076,Sofie,Keele,skeele24@feedburner.com,Female
00077,Cacilie,Lamps,clamps25@washingtonpost.com,Female
00078,Henderson,Goodsell,hgoodsell26@booking.com,Male
00079,Marjie,Everleigh,meverleigh27@java.com,Female
00080,Zondra,Abdy,zabdy28@prlog.org,Female
00081,Melinde,Whistan,mwhistan29@purevolume.com,Female
00082,Andy,Verlander,averlander2a@storify.com,Female
00083,Myron,Dickman,mdickman2b@yellowbook.com,Male
00084,Bevvy,Georgi,bgeorgi2c@alexa.com,Female
00085,Elnore,Reeks,ereeks2d@google.cn,Female
00086,Barnaby,Gerty,bgerty2e@altervista.org,Male
00087,Yoko,Andre,yandre2f@squarespace.com,Female
00088,Kin,Betton,kbetton2g@msu.edu,Male
00089,Dewitt,McGoldrick,dmcgoldrick2h@rediff.com,Male
00090,Curtice,Rosewarne,crosewarne2i@zdnet.com,Male
00091,Svend,Hazelby,shazelby2j@sphinn.com,Male
00092,Genovera,Heaysman,gheaysman2k@friendfeed.com,Female
00093,Veronique,Penwarden,vpenwarden2l@pbs.org,Female
00094,Sheffy,Poat,spoat2m@deliciousdays.com,Male
00095,Stavro,Matysiak,smatysiak2n@apple.com,Male
00096,Bogey,Lipprose,blipprose2o@unicef.org,Male
00097,Brook,Plows,bplows2p@liveinternet.ru,Female
00098,Kip,Wraxall,kwraxall2q@hibu.com,Female
00099,Perrine,Crudgington,pcrudgington2r@sun.com,Female
00100,Zebadiah,Legging,zlegging2s@parallels.com,Male
00101,Derick,Beyer,dbeyer2t@printfriendly.com,Male
0010213,Shari,Pitbladdo,spitbladdo2u@xing.com,Female
00103,Neda,Bedwell,nbedwell2v@jalbum.net,Female
00104,Brooks,Karpman,bkarpman2w@buzzfeed.com,Female
00105,Marijn,Youel,myouel2x@elegantthemes.com,Male
00106,Edvard,Harner,eharner2y@baidu.com,Male
00107,Kacie,Juschka,kjuschka2z@instagram.com,Female
00108,Barclay,Blennerhassett,bblennerhassett30@soundcloud.com,Male
0010993,Deirdre,Guerriero,dguerriero31@clickbank.net,Female
00110,Roselin,Yellowlees,ryellowlees32@google.com.au,Female
00111,Gilbertina,Morbey,gmorbey33@newyorker.com,Female
00112,Sherwin,Mocquer,smocquer34@prweb.com,Male
00113,Wilek,Greer,wgreer35@dot.gov,Male
00114,Hort,Ingledow,hingledow36@amazon.de,Male
00115,Milzie,Finley,mfinley37@feedburner.com,Female
00116,Alberto,Sleep,asleep38@imageshack.us,Male
00117,Winnie,Forrestill,wforrestill39@storify.com,Female
00118,Anselma,Lomasny,alomasny3a@bigcartel.com,Female
00119,Pebrook,Blasi,pblasi3b@constantcontact.com,Male
00120,Cris,Fullager,cfullager3c@mashable.com,Female
00121,Bronson,MacNess,bmacness3d@cbslocal.com,Male
00122,Paule,Testo,ptesto3e@reverbnation.com,Female
00123,Tonnie,Joseland,tjoseland3f@google.cn,Male
00124,Neil,Warcup,nwarcup3g@theguardian.com,Male
00125,Rheba,Sacco,rsacco3h@bbb.org,Female
00126,Letti,Sprankling,lsprankling3i@lulu.com,Female
00127,Anett,Cessford,acessford3j@miitbeian.gov.cn,Female
00128,Carey,Oglesbee,coglesbee3k@jigsy.com,Female
00129,Devonne,Trunchion,dtrunchion3l@ycombinator.com,Female
00130,Bentley,Sowood,bsowood3m@columbia.edu,Male
0013178,Claus,Norrington,cnorrington3n@weibo.com,Male
00132,Jehu,Gumey,jgumey3o@timesonline.co.uk,Male
00133,Henri,Prendiville,hprendiville3p@imageshack.us,Male
00134,Harli,Barhem,hbarhem3q@constantcontact.com,Female
00135,Carmel,Cholomin,ccholomin3r@eepurl.com,Female
00136,Algernon,Casswell,acasswell3s@cnet.com,Male
00137,Wendye,McHarry,wmcharry3t@xinhuanet.com,Female
00138,Collen,Dennett,cdennett3u@unicef.org,Female
00139,Merrielle,Graal,mgraal3v@ucsd.edu,Female
00140,Barn,Esilmon,besilmon3w@google.com,Male
00141,Kimbra,Brandenburg,kbrandenburg3x@businessinsider.com,Female
00142,Tandi,Robotham,trobotham3y@i2i.jp,Female
00143,Carroll,Le Gall,clegall3z@businessweek.com,Female
00144,Vernen,Jimes,vjimes40@google.co.uk,Male
00145,Tomi,Bigby,tbigby41@pcworld.com,Female
00146,Stacia,Pilbeam,spilbeam42@angelfire.com,Female
00147,Carleen,Foukx,cfoukx43@themeforest.net,Female
00148,Sandra,Viel,sviel44@nyu.edu,Female
00149,Odetta,Jodlkowski,ojodlkowski45@de.vu,Female
00150,Nevile,Okenfold,nokenfold46@live.com,Male
00151,Clemmy,Verni,cverni47@tinyurl.com,Female
00152,Nolana,Athridge,nathridge48@alibaba.com,Female
00153,Marylou,Housen,mhousen49@google.nl,Female
00154,Ferdinande,Jessop,fjessop4a@bloomberg.com,Female
00155,Clayson,Kharchinski,ckharchinski4b@joomla.org,Male
00156,Bette,Filler,bfiller4c@mlb.com,Female
00157,Murvyn,Towersey,mtowersey4d@plala.or.jp,Male
00158,Desmund,Ceschelli,dceschelli4e@skype.com,Male
00159,Aubrey,Tanfield,atanfield4f@ucsd.edu,Female
00160,Siobhan,Fries,sfries4g@wordpress.org,Female
00161,Genny,Whitely,gwhitely4h@miibeian.gov.cn,Female
00162,Urbain,Cockroft,ucockroft4i@example.com,Male
00163,Loella,Adacot,ladacot4j@furl.net,Female
00164,Doy,Kilgallon,dkilgallon4k@ihg.com,Male
00165,Carolynn,Maddox,cmaddox4l@geocities.jp,Female
00166,Glynn,Spadollini,gspadollini4m@zdnet.com,Male
00167,Sherilyn,Ellwand,sellwand4n@ed.gov,Female
00168,Georgetta,Bentame,gbentame4o@dagondesign.com,Female
00169,Jenelle,Cookes,jcookes4p@baidu.com,Female
00170,Tracie,Sumpter,tsumpter4q@ycombinator.com,Male
00171,Auberta,Heinonen,aheinonen4r@biblegateway.com,Female
00172,Maurine,Hetterich,mhetterich4s@washingtonpost.com,Female
00173,Jeth,Leadbeater,jleadbeater4t@netscape.com,Male
00174,Deb,Fenich,dfenich4u@ezinearticles.com,Female
00175,Korney,Charlson,kcharlson4v@lulu.com,Female
00176,Petronilla,Horder,phorder4w@skyrock.com,Female
00177,Consuelo,Hursey,chursey4x@umn.edu,Female
00178,Gregg,Pride,gpride4y@chicagotribune.com,Male
00179,Merv,Oake,moake4z@linkedin.com,Male
00180,Mychal,Petrolli,mpetrolli50@rakuten.co.jp,Male
00181,Essy,Washbrook,ewashbrook51@yellowbook.com,Female
00182,Devland,Presman,dpresman52@biblegateway.com,Male
00183,Lind,Oldacre,loldacre53@t.co,Male
00184,Pepito,Skipperbottom,pskipperbottom54@japanpost.jp,Male
00185,Sonja,Parradine,sparradine55@dedecms.com,Female
00186,Noel,Clemenza,nclemenza56@scientificamerican.com,Male
00187,Davy,Acors,dacors57@fotki.com,Male
00188,Chalmers,Greasty,cgreasty58@dot.gov,Male
00189,Pacorro,Neve,pneve59@sbwire.com,Male
00190,Glad,Swynfen,gswynfen5a@yahoo.com,Female
00191,Cally,Driussi,cdriussi5b@army.mil,Female
00192,Feliza,Casaro,fcasaro5c@bigcartel.com,Female
00193,Leesa,Michelmore,lmichelmore5d@google.cn,Female
00194,Lazar,Weekland,lweekland5e@loc.gov,Male
00195,Meyer,Vispo,mvispo5f@webeden.co.uk,Male
00196,Tally,Itzkovich,titzkovich5g@nifty.com,Male
00197,Claudius,Lonsbrough,clonsbrough5h@dyndns.org,Male
00198,Sharyl,Mardell,smardell5i@icq.com,Female
00199,Ame,Forcade,aforcade5j@cnn.com,Female
00200,Gretna,Shercliff,gshercliff5k@washington.edu,Female
00201,Ivor,Carlone,icarlone5l@is.gd,Male
0020203,Gianna,Troyes,gtroyes5m@dion.ne.jp,Female
00203,Justinian,Lealle,jlealle5n@slate.com,Male
00204,Paddie,Kerfoot,pkerfoot5o@fema.gov,Male
00205,Joceline,Moncrieffe,jmoncrieffe5p@dropbox.com,Female
00206,Eward,Eustis,eeustis5q@odnoklassniki.ru,Male
00207,Dore,Alfonzo,dalfonzo5r@so-net.ne.jp,Male
00208,Kippar,Slater,kslater5s@cmu.edu,Male
00209,Gayler,Etches,getches5t@facebook.com,Male
00210,Averil,Edgin,aedgin5u@oaic.gov.au,Female
00211,Izak,Hofton,ihofton5v@issuu.com,Male
00212,Grayce,Kingsley,gkingsley5w@army.mil,Female
00213,Mick,Heake,mheake5x@usda.gov,Male
0021487,Heriberto,Loalday,hloalday5y@blogger.com,Male
00215,Emma,Quarmby,equarmby5z@blogs.com,Female
00216,Foss,Abendroth,fabendroth60@chron.com,Male
00217,Adolph,Hearse,ahearse61@oakley.com,Male
00218,Sibbie,Durdle,sdurdle62@mail.ru,Female
00219,Boone,Bunning,bbunning63@utexas.edu,Male
00220,Nels,Dunan,ndunan64@163.com,Male
00221,Doretta,Alexandre,dalexandre65@wufoo.com,Female
00222,Kelby,Barniss,kbarniss66@accuweather.com,Male
00223,Monti,Kynvin,mkynvin67@nba.com,Male
00224,Joaquin,Jurewicz,jjurewicz68@hostgator.com,Male
00225,Conny,Mattiello,cmattiello69@ted.com,Male
00226,Ike,La Vigne,ilavigne6a@omniture.com,Male
00227,Anson,Pardi,apardi6b@xing.com,Male
00228,Abey,McGilbon,amcgilbon6c@yellowpages.com,Male
0022908,Monique,Woodlands,mwoodlands6d@google.co.uk,Female
00230,Giovanna,Sivior,gsivior6e@cmu.edu,Female
00231,Tressa,Otterwell,totterwell6f@samsung.com,Female
00232,Leighton,Skerratt,lskerratt6g@samsung.com,Male
00233,Dottie,Teeney,dteeney6h@com.com,Female
00234,Annetta,Taplow,ataplow6i@fda.gov,Female
00235,Karin,Diable,kdiable6j@nbcnews.com,Female
00236,Edith,De Bruin,edebruin6k@deliciousdays.com,Female
00237,Wallis,Jerche,wjerche6l@guardian.co.uk,Female
00238,Emmery,Deer,edeer6m@nih.gov,Male
00239,Kin,Brailey,kbrailey6n@posterous.com,Male
00240,Barn,Raatz,braatz6o@alibaba.com,Male
00241,Guglielma,Deniseau,gdeniseau6p@addthis.com,Female
00242,Emelina,Kinsman,ekinsman6q@zimbio.com,Female
00243,Anallise,Hoogendorp,ahoogendorp6r@google.pl,Female
00244,Blaine,MacGilrewy,bmacgilrewy6s@elpais.com,Male
00245,Priscilla,Ipsgrave,pipsgrave6t@wordpress.org,Female
00246,Tammie,Bertomieu,tbertomieu6u@mashable.com,Male
00247,Packston,Goscar,pgoscar6v@yolasite.com,Male
00248,Lola,Bucklan,lbucklan6w@google.com.hk,Female
00249,Larry,Prigmore,lprigmore6x@people.com.cn,Male
00250,Ronald,Blackwell,rblackwell6y@earthlink.net,Male
00251,Leanor,Kinningley,lkinningley6z@mozilla.com,Female
00252,Grete,Olphert,golphert70@arizona.edu,Female
00253,Ashbey,Devennie,adevennie71@infoseek.co.jp,Male
00254,Rodrigo,Yansons,ryansons72@cbsnews.com,Male
00255,Tristan,Corah,tcorah73@theatlantic.com,Male
00256,Lyndsie,Dulin,ldulin74@blogger.com,Female
00257,Garth,Loach,gloach75@addtoany.com,Male
00258,Cyrille,Eatock,ceatock76@dailymail.co.uk,Male
00259,Angelico,Romagosa,aromagosa77@tripadvisor.com,Male
00260,Lilli,Hugonneau,lhugonneau78@tumblr.com,Female
00261,Fonz,Luter,fluter79@ted.com,Male
00262,Hunt,Jacmard,hjacmard7a@google.com.hk,Male
00263,Cam,Valek,cvalek7b@uiuc.edu,Female
00264,Carmelina,Thirwell,cthirwell7c@mac.com,Female
00265,Akim,Coppins,acoppins7d@123-reg.co.uk,Male
00266,Fifi,Ahrenius,fahrenius7e@posterous.com,Female
00267,Robinson,Mil,rmil7f@kickstarter.com,Male
00268,Even,Luke,eluke7g@howstuffworks.com,Male
00269,Simmonds,Frascone,sfrascone7h@google.com.hk,Male
00270,Virgie,Cockarill,vcockarill7i@nasa.gov,Female
00271,Chane,Stearns,cstearns7j@amazon.de,Male
00272,Blythe,De Vere,bdevere7k@cocolog-nifty.com,Female
00273,Catherin,Dickens,cdickens7l@odnoklassniki.ru,Female
00274,Gearard,Fassbindler,gfassbindler7m@buzzfeed.com,Male
00275,Inesita,Lardez,ilardez7n@mit.edu,Female
00276,Nicko,Janiak,njaniak7o@miibeian.gov.cn,Male
00277,Benny,Grabiec,bgrabiec7p@timesonline.co.uk,Female
00278,Kim,Andrejs,kandrejs7q@tinyurl.com,Male
00279,Annice,Lamplugh,alamplugh7r@toplist.cz,Female
00280,Kellsie,Denacamp,kdenacamp7s@bing.com,Female
00281,Anthia,Palphramand,apalphramand7t@unesco.org,Female
00282,Mandel,Scamal,mscamal7u@paypal.com,Male
00283,Florella,Bolderson,fbolderson7v@howstuffworks.com,Female
00284,Gaylord,Eidelman,geidelman7w@admin.ch,Male
00285,Michal,Denniston,mdenniston7x@patch.com,Female
00286,Winn,Rolph,wrolph7y@independent.co.uk,Male
00287,Clarice,Becconsall,cbecconsall7z@theglobeandmail.com,Female
00288,Wilhelmina,Peet,wpeet80@ihg.com,Female
00289,Timothee,Onele,tonele81@theatlantic.com,Male
00290,Frederich,Dirkin,fdirkin82@geocities.com,Male
00291,Northrop,Lutwidge,nlutwidge83@indiegogo.com,Male
00292,Isac,Britland,ibritland84@devhub.com,Male
00293,Isacco,Harnetty,iharnetty85@google.it,Male
00294,Randy,Scammell,rscammell86@eepurl.com,Male
00295,Renee,Argont,rargont87@hostgator.com,Female
00296,Craggie,Brayne,cbrayne88@shop-pro.jp,Male
00297,Lawry,Birds,lbirds89@mtv.com,Male
00298,Christabella,Hallet,challet8a@buzzfeed.com,Female
00299,Alberta,Micah,amicah8b@abc.net.au,Female
00300,Pet,Miebes,pmiebes8c@over-blog.com,Female
00301,Gaye,Fenemore,gfenemore8d@adobe.com,Female
00302,Thomasa,Gyurko,tgyurko8e@geocities.jp,Female
00303,Reube,Severns,rseverns8f@sciencedirect.com,Male
00304,Meredithe,Fairbrother,mfairbrother8g@edublogs.org,Female
00305,Luella,Poone,lpoone8h@vinaora.com,Female
00306,Franky,McCool,fmccool8i@irs.gov,Female
00307,Nelia,Darlow,ndarlow8j@weebly.com,Female
00308,Melina,Eames,meames8k@fda.gov,Female
00309,Gordie,Frankiewicz,gfrankiewicz8l@skyrock.com,Male
00310,Ingrim,Joliffe,ijoliffe8m@ebay.com,Male
00311,Krishnah,Bondar,kbondar8n@seattletimes.com,Male
00312,Sigvard,Ashburner,sashburner8o@forbes.com,Male
00313,Cesya,Jedrzejczak,cjedrzejczak8p@baidu.com,Female
00314,Marie-ann,Durbann,mdurbann8q@eventbrite.com,Female
00315,Ian,Dabels,idabels8r@vinaora.com,Male
00316,Gearard,Sappson,gsappson8s@usda.gov,Male
00317,Cory,Betonia,cbetonia8t@dot.gov,Male
00318,Clemmie,Ogelbe,cogelbe8u@hp.com,Male
00319,Penn,Musla,pmusla8v@google.com.hk,Male
00320,Burke,Kingsnod,bkingsnod8w@google.de,Male
00321,Julissa,Tilsley,jtilsley8x@rediff.com,Female
00322,Ileane,Attenborough,iattenborough8y@networkadvertising.org,Female
00323,Anatole,Kyd,akyd8z@quantcast.com,Male
00324,Ginnie,Grog,ggrog90@chicagotribune.com,Female
00325,Laurens,Windibank,lwindibank91@google.pl,Male
00326,Dominick,Neward,dneward92@theatlantic.com,Male
00327,Thaine,Ambler,tambler93@mac.com,Male
0032888,Myrta,Atkins,matkins94@cornell.edu,Female
00329,Renaldo,Harford,rharford95@cocolog-nifty.com,Male
00330,Merrick,Balkwill,mbalkwill96@globo.com,Male
00331,Burton,Piatti,bpiatti97@trellian.com,Male
00332,Drusilla,Uc,duc98@desdev.cn,Female
00333,Cyndi,Peachey,cpeachey99@aboutads.info,Female
00334,Louise,Cocksedge,lcocksedge9a@friendfeed.com,Female
00335,Ashlan,Parfrey,aparfrey9b@163.com,Female
00336,Fanchette,Lynock,flynock9c@slashdot.org,Female
00337,Irina,Baptie,ibaptie9d@va.gov,Female
00338,Clo,Samweyes,csamweyes9e@livejournal.com,Female
00339,Lazare,Aicken,laicken9f@blog.com,Male
00340,Igor,Corradini,icorradini9g@dot.gov,Male
00341,Justina,Rosas,jrosas9h@marriott.com,Female
00342,Lief,Teresia,lteresia9i@utexas.edu,Male
00343,Kinsley,Naisbet,knaisbet9j@wikimedia.org,Male
00344,Jackqueline,Errett,jerrett9k@privacy.gov.au,Female
00345,Fabien,Kief,fkief9l@biblegateway.com,Male
00346,Kassey,Devigne,kdevigne9m@scribd.com,Female
00347,Chane,Sambedge,csambedge9n@va.gov,Male
00348,Erhard,Meere,emeere9o@salon.com,Male
00349,Welch,Sodor,wsodor9p@geocities.jp,Male
00350,Noam,Ganing,nganing9q@aboutads.info,Male
00351,Mattie,Holliar,mholliar9r@hatena.ne.jp,Female
00352,Kelsi,Rowter,krowter9s@ebay.co.uk,Female
00353,Karoly,Washtell,kwashtell9t@aol.com,Female
00354,Marcello,Downie,mdownie9u@stanford.edu,Male
00355,Reid,Ryles,rryles9v@mysql.com,Male
00356,Hally,Chasemore,hchasemore9w@addthis.com,Female
00357,Jerome,Linder,jlinder9x@google.com.hk,Male
00358,Joanie,Twinbrow,jtwinbrow9y@flavors.me,Female
00359,Benito,Clift,bclift9z@nbcnews.com,Male
00360,Andy,Le feuvre,alefeuvrea0@alibaba.com,Female
00361,Tan,Howerd,thowerda1@squarespace.com,Male
00362,Delinda,Colby,dcolbya2@parallels.com,Female
00363,Al,Wykey,awykeya3@desdev.cn,Male
00364,Faulkner,Hardinge,fhardingea4@rambler.ru,Male
00365,Elyn,Edmett,eedmetta5@pagesperso-orange.fr,Female
00366,Orlan,Cornbell,ocornbella6@rambler.ru,Male
00367,Gabbi,Haversham,ghavershama7@woothemes.com,Female
00368,Amble,Thomann,athomanna8@bloomberg.com,Male
00369,Mikol,Shergold,mshergolda9@ihg.com,Male
00370,Whitman,Bigadike,wbigadikeaa@mashable.com,Male
00371,Veradis,Mc Meekin,vmcmeekinab@weebly.com,Female
00372,Rochelle,Samuels,rsamuelsac@discovery.com,Female
00373,Marian,Tittletross,mtittletrossad@boston.com,Female
00374,Elsbeth,Martinet,emartinetae@example.com,Female
00375,Alfy,Wagnerin,awagnerinaf@dedecms.com,Female
00376,Nissa,Driutti,ndriuttiag@nps.gov,Female
00377,Lesya,Bare,lbareah@behance.net,Female
00378,Tommy,Goracci,tgoracciai@arizona.edu,Female
00379,Shellie,Seagrove,sseagroveaj@youtube.com,Female
00380,Felecia,Pimerick,fpimerickak@aboutads.info,Female
00381,Therese,Matousek,tmatousekal@google.nl,Female
00382,Jeremias,Yurin,jyurinam@washingtonpost.com,Male
00383,Sherm,Wagg,swaggan@yellowpages.com,Male
00384,Brock,Dymoke,bdymokeao@sfgate.com,Male
00385,Ailbert,Greger,agregerap@edublogs.org,Male
00386,Vilma,Deyenhardt,vdeyenhardtaq@nasa.gov,Female
00387,Tressa,Durston,tdurstonar@cam.ac.uk,Female
00388,Erik,Clynmans,eclynmansas@dedecms.com,Male
00389,Marven,Houlridge,mhoulridgeat@histats.com,Male
00390,Onfroi,Coggan,ocogganau@skyrock.com,Male
00391,Aluin,Putson,aputsonav@bloomberg.com,Male
00392,Jeffry,Rosso,jrossoaw@booking.com,Male
00393,Zared,Gookey,zgookeyax@etsy.com,Male
00394,Carly,Rubee,crubeeay@mysql.com,Female
00395,Fanechka,Jakubski,fjakubskiaz@1688.com,Female
00396,Mikol,Fairhall,mfairhallb0@webmd.com,Male
00397,Valma,Fleeming,vfleemingb1@mlb.com,Female
00398,Penn,Philbrook,pphilbrookb2@msu.edu,Male
00399,Jeremy,Coltan,jcoltanb3@nasa.gov,Male
00400,Keriann,Foyster,kfoysterb4@epa.gov,Female
00401,Shani,Gaggen,sgaggenb5@studiopress.com,Female
00402,Obediah,Drayn,odraynb6@princeton.edu,Male
00403,Rana,Kuller,rkullerb7@sciencedirect.com,Female
00404,Vassili,Lere,vlereb8@nymag.com,Male
00405,Elwira,Dyster,edysterb9@dailymotion.com,Female
00406,Cully,Trevascus,ctrevascusba@admin.ch,Male
00407,Rachael,Moxon,rmoxonbb@joomla.org,Female
00408,Philis,Cartmel,pcartmelbc@mac.com,Female
00409,Rodie,Fletcher,rfletcherbd@google.fr,Female
00410,Demetria,Roseborough,droseboroughbe@virginia.edu,Female
00411,Pooh,Treharne,ptreharnebf@miitbeian.gov.cn,Male
00412,Rozina,Pirrone,rpirronebg@samsung.com,Female
00413,Jillie,Cumberlidge,jcumberlidgebh@lycos.com,Female
00414,Gearalt,Pirelli,gpirellibi@miitbeian.gov.cn,Male
00415,Abbie,Filipiak,afilipiakbj@godaddy.com,Male
00416,Arlen,Coldtart,acoldtartbk@google.cn,Male
00417,Roderich,Mander,rmanderbl@time.com,Male
00418,Stella,Jupe,sjupebm@zdnet.com,Female
00419,Kent,Mullard,kmullardbn@newyorker.com,Male
00420,Prentice,Asgodby,pasgodbybo@eventbrite.com,Male
00421,Mil,Sharrem,msharrembp@google.com,Female
00422,Mia,Trood,mtroodbq@reverbnation.com,Female
00423,Ilysa,Jiruca,ijirucabr@elegantthemes.com,Female
00424,Noland,Bugbird,nbugbirdbs@t.co,Male
00425,Jozef,Fredi,jfredibt@sogou.com,Male
00426,Elnora,Halloway,ehallowaybu@dion.ne.jp,Female
00427,Dal,Stapylton,dstapyltonbv@cdc.gov,Male
00428,Vinny,Aguirrezabala,vaguirrezabalabw@com.com,Male
00429,Neale,Roycroft,nroycroftbx@zdnet.com,Male
00430,Brand,Eckersley,beckersleyby@ovh.net,Male
00431,Josey,Ascraft,jascraftbz@mediafire.com,Female
00432,Benjie,Rominov,brominovc0@woothemes.com,Male
00433,Beck,Shanks,bshanksc1@nih.gov,Male
00434,Alexei,Hayball,ahayballc2@e-recht24.de,Male
00435,Karoly,Constance,kconstancec3@spotify.com,Male
00436,Xerxes,McGerraghty,xmcgerraghtyc4@mail.ru,Male
00437,Vivienne,Mancer,vmancerc5@craigslist.org,Female
00438,Dag,Vose,dvosec6@theglobeandmail.com,Male
00439,Clarita,Permain,cpermainc7@oracle.com,Female
00440,Geraldine,Sauter,gsauterc8@cnbc.com,Female
00441,Russell,Imort,rimortc9@dion.ne.jp,Male
00442,Mei,Reynault,mreynaultca@adobe.com,Female
00443,Ceciley,Codi,ccodicb@plala.or.jp,Female
00444,Otes,Tant,otantcc@woothemes.com,Male
00445,Kristien,Matteau,kmatteaucd@flickr.com,Female
00446,Krista,Piborn,kpibornce@bizjournals.com,Female
00447,Paulie,Corbitt,pcorbittcf@google.it,Male
00448,Elbertine,Da Costa,edacostacg@artisteer.com,Female
00449,Micheline,Ellams,mellamsch@weebly.com,Female
00450,Roley,Beecham,rbeechamci@fotki.com,Male
00451,Averyl,Diggin,adiggincj@yahoo.co.jp,Female
00452,Bat,Theaker,btheakerck@sina.com.cn,Male
0045355,Matthieu,Loch,mlochcl@patch.com,Male
00454,Griffith,Hutten,ghuttencm@lycos.com,Male
00455,Joey,Toope,jtoopecn@tuttocitta.it,Male
00456,Marylee,Lademann,mlademannco@odnoklassniki.ru,Female
00457,Cassandry,McIlmurray,cmcilmurraycp@amazon.de,Female
00458,Michele,Smyth,msmythcq@sbwire.com,Male
00459,Melissa,Risebarer,mrisebarercr@cnbc.com,Female
00460,Wallas,Wannop,wwannopcs@tumblr.com,Male
00461,Lyn,Woolveridge,lwoolveridgect@163.com,Female
00462,Melody,Whapples,mwhapplescu@hhs.gov,Female
00463,Danny,Shoveller,dshovellercv@altervista.org,Male
00464,Lay,Mulchrone,lmulchronecw@purevolume.com,Male
00465,Llywellyn,Flacknoe,lflacknoecx@nyu.edu,Male
00466,Erasmus,Tropman,etropmancy@google.nl,Male
00467,Marve,Hawkyens,mhawkyenscz@google.co.uk,Male
00468,Charmian,Handover,chandoverd0@yellowpages.com,Female
00469,Georgette,Le Lievre,glelievred1@wsj.com,Female
00470,Rianon,Bullivent,rbulliventd2@cam.ac.uk,Female
00471,Blair,De Cleen,bdecleend3@macromedia.com,Female
00472,Colene,Brum,cbrumd4@hud.gov,Female
00473,Dasha,O'Moylane,domoylaned5@wp.com,Female
00474,Yorgos,Devanny,ydevannyd6@cyberchimps.com,Male
00475,Inness,Leblanc,ileblancd7@delicious.com,Male
00476,Leann,Gilman,lgilmand8@lulu.com,Female
00477,Liza,Antoszewski,lantoszewskid9@cpanel.net,Female
00478,Eric,Jeandeau,ejeandeauda@oaic.gov.au,Male
00479,Ervin,Antcliffe,eantcliffedb@g.co,Male
00480,Ashil,Cossell,acosselldc@eventbrite.com,Female
00481,Renaldo,Gauld,rgaulddd@storify.com,Male
00482,Kahaleel,Friedlos,kfriedlosde@github.com,Male
00483,Aluin,Weitzel,aweitzeldf@miibeian.gov.cn,Male
00484,Stinky,Day,sdaydg@drupal.org,Male
00485,Filberto,Filipczak,ffilipczakdh@prnewswire.com,Male
00486,Danni,Alcorn,dalcorndi@friendfeed.com,Female
00487,Stevy,Bumpass,sbumpassdj@arizona.edu,Male
00488,Lorin,Rance,lrancedk@bloglovin.com,Male
00489,Meta,Andrassy,mandrassydl@sogou.com,Female
00490,Drusilla,Mc Kellen,dmckellendm@bloomberg.com,Female
00491,Cliff,Morant,cmorantdn@joomla.org,Male
00492,Jordon,Thomazet,jthomazetdo@ocn.ne.jp,Male
00493,Burton,Burbury,bburburydp@marriott.com,Male
00494,Kassi,Faraday,kfaradaydq@marriott.com,Female
00495,Maurie,Narramor,mnarramordr@umn.edu,Male
00496,Ariadne,Jeckells,ajeckellsds@yahoo.co.jp,Female
00497,Connor,Kall,ckalldt@biblegateway.com,Male
00498,Frederica,Mochan,fmochandu@hugedomains.com,Female
00499,Josy,Thomton,jthomtondv@github.io,Female
00500,Rodolphe,Withrington,rwithringtondw@canalblog.com,Male
00501,Lucinda,Paulillo,lpaulillodx@abc.net.au,Female
00502,Yoko,Dallas,ydallasdy@fc2.com,Female
00503,Joete,Coulthurst,jcoulthurstdz@storify.com,Female
00504,Lonni,Cunney,lcunneye0@lycos.com,Female
00505,Phillipe,Foss,pfosse1@joomla.org,Male
00506,Kittie,Chorlton,kchorltone2@miibeian.gov.cn,Female
00507,Lynde,Armitt,larmitte3@cpanel.net,Female
00508,Hall,Manning,hmanninge4@bloglovin.com,Male
00509,Bernetta,Klehn,bklehne5@infoseek.co.jp,Female
00510,Engelbert,Bengochea,ebengocheae6@google.co.uk,Male
00511,Vernice,Thompson,vthompsone7@360.cn,Female
00512,Cissiee,Attridge,cattridgee8@jiathis.com,Female
00513,Roxanna,Iacivelli,riacivellie9@go.com,Female
00514,Jillene,Edington,jedingtonea@washington.edu,Female
00515,Rowan,Wahlberg,rwahlbergeb@usda.gov,Male
00516,Maurise,Pasquale,mpasqualeec@feedburner.com,Female
00517,Willa,Guidetti,wguidettied@timesonline.co.uk,Female
00518,Thorny,Record,trecordee@squidoo.com,Male
00519,Rebekah,Meneely,rmeneelyef@hp.com,Female
00520,Pearle,Nabarro,pnabarroeg@dailymotion.com,Female
00521,Rhett,Dobing,rdobingeh@tamu.edu,Male
00522,Chrisse,Thirst,cthirstei@altervista.org,Male
00523,Lloyd,Summerhayes,lsummerhayesej@amazonaws.com,Male
00524,Xenos,Simenel,xsimenelek@people.com.cn,Male
00525,Merrick,Booy,mbooyel@wordpress.org,Male
00526,Eldredge,Le Floch,eleflochem@mashable.com,Male
00527,Damita,Damant,ddamanten@who.int,Female
00528,Rosalyn,Loveguard,rloveguardeo@cisco.com,Female
00529,Ursuline,Fawley,ufawleyep@wikipedia.org,Female
00530,Petrina,Grunwall,pgrunwalleq@hhs.gov,Female
00531,Madelene,Kesby,mkesbyer@aol.com,Female
00532,Jim,Hamley,jhamleyes@theguardian.com,Male
00533,Elsi,Tinline,etinlineet@businesswire.com,Female
00534,Haley,Ricardo,hricardoeu@archive.org,Female
00535,Rochette,Deegan,rdeeganev@craigslist.org,Female
00536,Ranna,Renahan,rrenahanew@tmall.com,Female
00537,Stevena,Camilleri,scamilleriex@surveymonkey.com,Female
00538,Moyra,Divers,mdiversey@ebay.com,Female
00539,David,Kirlin,dkirlinez@cbslocal.com,Male
00540,Cybill,Speerman,cspeermanf0@ebay.com,Female
00541,Sanders,Wishkar,swishkarf1@ycombinator.com,Male
00542,Egan,Blasgen,eblasgenf2@networkadvertising.org,Male
00543,Nanete,Gouth,ngouthf3@tinyurl.com,Female
00544,Agatha,Gillebride,agillebridef4@nih.gov,Female
00545,Elysee,Recher,erecherf5@shutterfly.com,Female
00546,Ravi,Mauchline,rmauchlinef6@umich.edu,Male
00547,Nyssa,Swinerd,nswinerdf7@cornell.edu,Female
00548,Lauritz,Abbatucci,labbatuccif8@tripod.com,Male
00549,Bram,Calcut,bcalcutf9@mtv.com,Male
00550,Thaxter,Moubray,tmoubrayfa@ucla.edu,Male
00551,Igor,Gionettitti,igionettittifb@eepurl.com,Male
00552,Harriot,Yendle,hyendlefc@addtoany.com,Female
00553,Livvy,Klimsch,lklimschfd@wordpress.com,Female
00554,Aurie,Painter,apainterfe@domainmarket.com,Female
00555,Barty,Brychan,bbrychanff@nydailynews.com,Male
00556,Balduin,Boldt,bboldtfg@ucoz.com,Male
00557,Delores,Picopp,dpicoppfh@samsung.com,Female
00558,Jamie,Peron,jperonfi@twitter.com,Female
00559,Windy,Corzon,wcorzonfj@taobao.com,Female
00560,Anica,Baugh,abaughfk@bing.com,Female
00561,Sarena,Baniard,sbaniardfl@apple.com,Female
00562,Mella,Walesby,mwalesbyfm@ameblo.jp,Female
00563,Kingsley,Pickthorn,kpickthornfn@timesonline.co.uk,Male
00564,Mira,Tatlow,mtatlowfo@elpais.com,Female
00565,Hamil,Proughten,hproughtenfp@cam.ac.uk,Male
00566,Guntar,Harrigan,gharriganfq@aol.com,Male
00567,Lana,Dulwitch,ldulwitchfr@nationalgeographic.com,Female
00568,Avril,Archard,aarchardfs@free.fr,Female
00569,Darcy,Larkin,dlarkinft@amazonaws.com,Male
00570,Martainn,Bouchier,mbouchierfu@privacy.gov.au,Male
00571,Ange,Philipeaux,aphilipeauxfv@vk.com,Male
00572,Arlana,Alesio,aalesiofw@live.com,Female
00573,Moselle,Foot,mfootfx@geocities.com,Female
00574,Janella,Braycotton,jbraycottonfy@cisco.com,Female
00575,Gussi,Cleaton,gcleatonfz@fda.gov,Female
00576,Arney,Andrys,aandrysg0@bloomberg.com,Male
00577,Thia,Sumbler,tsumblerg1@amazon.co.uk,Female
00578,Pavel,Dickinson,pdickinsong2@hp.com,Male
00579,Lief,McCrainor,lmccrainorg3@marriott.com,Male
00580,Akim,Woollett,awoollettg4@delicious.com,Male
00581,Shaine,MacAdam,smacadamg5@hibu.com,Male
00582,Ned,Gleeson,ngleesong6@amazon.de,Male
00583,Veronique,Cazalet,vcazaletg7@amazonaws.com,Female
00584,Rosalinda,Heggman,rheggmang8@statcounter.com,Female
00585,Gordie,Cranmore,gcranmoreg9@nasa.gov,Male
00586,Carlita,Stork,cstorkga@dmoz.org,Female
00587,Nancey,Teaser,nteasergb@com.com,Female
00588,Sloan,Houseman,shousemangc@sogou.com,Male
00589,Willie,Creedland,wcreedlandgd@prlog.org,Male
00590,Dew,Jerred,djerredge@washingtonpost.com,Male
00591,Michal,Woofendell,mwoofendellgf@alexa.com,Male
00592,Didi,Drewery,ddrewerygg@narod.ru,Female
00593,Sargent,Panchin,spanchingh@slate.com,Male
00594,Kandace,Yarnley,kyarnleygi@cbc.ca,Female
00595,Laurent,Ramsted,lramstedgj@aol.com,Male
00596,Catarina,Cramphorn,ccramphorngk@va.gov,Female
00597,Herbert,Buy,hbuygl@examiner.com,Male
00598,Peri,Fitchew,pfitchewgm@google.fr,Female
00599,Tobit,Zavattieri,tzavattierign@fastcompany.com,Male
00600,Dael,Roalfe,droalfego@feedburner.com,Female
00601,Bea,Bonome,bbonomegp@admin.ch,Female
00602,Drusie,Wagen,dwagengq@people.com.cn,Female
00603,Web,Scemp,wscempgr@newsvine.com,Male
00604,Anders,Goodere,agooderegs@nymag.com,Male
00605,Sherill,Tommaseo,stommaseogt@ask.com,Female
00606,Ezequiel,Pilipyak,epilipyakgu@wiley.com,Male
00607,Doloritas,Sizey,dsizeygv@reference.com,Female
00608,Stormi,Roistone,sroistonegw@google.co.jp,Female
00609,Garold,Blowers,gblowersgx@newyorker.com,Male
00610,Edlin,Hurton,ehurtongy@rediff.com,Male
00611,Michael,Mackinder,mmackindergz@virginia.edu,Male
00612,Guido,Lanfranchi,glanfranchih0@freewebs.com,Male
00613,Donielle,Fitzroy,dfitzroyh1@webs.com,Female
00614,Ferdinanda,Vasilmanov,fvasilmanovh2@is.gd,Female
00615,Turner,Walak,twalakh3@discovery.com,Male
00616,Lurette,Cutsforth,lcutsforthh4@exblog.jp,Female
00617,Benny,Dawtrey,bdawtreyh5@japanpost.jp,Male
00618,Rosamond,Castlake,rcastlakeh6@dailymail.co.uk,Female
00619,Jethro,Brunsen,jbrunsenh7@japanpost.jp,Male
00620,Lizabeth,St Quenin,lstqueninh8@smugmug.com,Female
00621,Francis,Philp,fphilph9@wisc.edu,Male
00622,Haskel,Lapides,hlapidesha@china.com.cn,Male
00623,Ronnie,Tollow,rtollowhb@wiley.com,Female
00624,Robinetta,Mollene,rmollenehc@whitehouse.gov,Female
00625,Emmet,Dudny,edudnyhd@google.pl,Male
00626,Karim,Burnand,kburnandhe@yahoo.com,Male
00627,Allie,Coade,acoadehf@pagesperso-orange.fr,Male
00628,Marlin,Lumber,mlumberhg@csmonitor.com,Male
00629,Isadora,Conroy,iconroyhh@independent.co.uk,Female
00630,Urbanus,Filppetti,ufilppettihi@hostgator.com,Male
00631,Elnar,Odom,eodomhj@spiegel.de,Male
00632,Reba,Covet,rcovethk@dot.gov,Female
00633,Cassandre,Trowill,ctrowillhl@oaic.gov.au,Female
00634,Homerus,McErlaine,hmcerlainehm@jimdo.com,Male
00635,Brennen,Cornner,bcornnerhn@thetimes.co.uk,Male
00636,Wait,Bellew,wbellewho@bloglovin.com,Male
00637,Ernestus,Matthewson,ematthewsonhp@ustream.tv,Male
00638,Kikelia,Scadding,kscaddinghq@go.com,Female
00639,Gamaliel,Mainland,gmainlandhr@ovh.net,Male
00640,Ursa,Wrotham,uwrothamhs@google.ru,Female
00641,Erna,Vesque,evesqueht@vk.com,Female
00642,Paulo,Hallin,phallinhu@patch.com,Male
00643,Marcile,Pankhurst.,mpankhursthv@vinaora.com,Female
00644,Constantine,Fairhead,cfairheadhw@liveinternet.ru,Male
00645,Templeton,Libby,tlibbyhx@tripadvisor.com,Male
00646,Breanne,Tabary,btabaryhy@google.co.uk,Female
00647,Jodi,Bondar,jbondarhz@hao123.com,Male
00648,Ddene,Siemianowicz,dsiemianowiczi0@bbc.co.uk,Female
00649,Leta,Jowett,ljowetti1@acquirethisname.com,Female
00650,Esra,Waltering,ewalteringi2@networkadvertising.org,Male
00651,Katie,Hartburn,khartburni3@irs.gov,Female
00652,Jere,McCormack,jmccormacki4@wordpress.org,Male
00653,Cairistiona,Sommerly,csommerlyi5@ucsd.edu,Female
00654,Arlene,Delgado,adelgadoi6@loc.gov,Female
00655,Kean,Stenner,kstenneri7@bloomberg.com,Male
00656,Raff,Ingraham,ringrahami8@pcworld.com,Male
00657,Bridie,Checchi,bchecchii9@blinklist.com,Female
00658,Tallie,Rowth,trowthia@arizona.edu,Male
00659,Shae,Brason,sbrasonib@dell.com,Female
00660,Tildie,Weed,tweedic@rediff.com,Female
00661,Gabbey,Shoobridge,gshoobridgeid@amazonaws.com,Female
00662,Paulina,Maffi,pmaffiie@blogs.com,Female
00663,Lawry,Kenney,lkenneyif@harvard.edu,Male
00664,Ramona,Crudgington,rcrudgingtonig@bluehost.com,Female
00665,Lynnet,Orteu,lorteuih@addtoany.com,Female
00666,Jerrome,Holton,jholtonii@merriam-webster.com,Male
00667,Shelagh,MacAless,smacalessij@va.gov,Female
00668,Orin,Cregin,ocreginik@sohu.com,Male
00669,Hadlee,Pavlasek,hpavlasekil@google.ru,Male
00670,Julianna,Vooght,jvooghtim@shareasale.com,Female
00671,Dalis,Georgievski,dgeorgievskiin@google.co.uk,Male
00672,Gaylor,Silversmid,gsilversmidio@mysql.com,Male
0067345,Patricia,Goldson,pgoldsonip@ocn.ne.jp,Female
00674,Colleen,Blenkin,cblenkiniq@un.org,Female
00675,Maurene,Harbar,mharbarir@reverbnation.com,Female
00676,Cristi,Lindenboim,clindenboimis@fotki.com,Female
00677,Domingo,Esposi,desposiit@microsoft.com,Male
00678,Kinsley,Huckell,khuckelliu@taobao.com,Male
00679,Prentiss,Bohlens,pbohlensiv@liveinternet.ru,Male
00680,Townsend,Boughton,tboughtoniw@vk.com,Male
00681,Even,Calbert,ecalbertix@arstechnica.com,Male
00682,Birdie,Denne,bdenneiy@feedburner.com,Female
00683,Claudius,Blooman,cbloomaniz@archive.org,Male
00684,Leon,Dizlie,ldizliej0@cbslocal.com,Male
00685,Tricia,Rosengren,trosengrenj1@prlog.org,Female
00686,Emily,Breeds,ebreedsj2@imgur.com,Female
00687,Anatola,Nairy,anairyj3@ezinearticles.com,Female
00688,Lynnelle,Rosenau,lrosenauj4@blogspot.com,Female
00689,Jordanna,Fellowes,jfellowesj5@yolasite.com,Female
00690,Fields,Stephens,fstephensj6@myspace.com,Male
00691,Pietro,Snodden,psnoddenj7@chicagotribune.com,Male
00692,Paulina,Hobden,phobdenj8@aboutads.info,Female
00693,Krissy,Eslemont,keslemontj9@wikipedia.org,Female
00694,Freddie,Boddy,fboddyja@prweb.com,Male
00695,Zorana,Durand,zdurandjb@google.com,Female
00696,Ingaberg,Sweeny,isweenyjc@abc.net.au,Female
00697,Augustus,Thomas,athomasjd@timesonline.co.uk,Male
00698,Burty,Halloran,bhalloranje@issuu.com,Male
00699,Reilly,MacLaig,rmaclaigjf@youku.com,Male
00700,Truda,Revett,trevettjg@guardian.co.uk,Female
00701,Ernie,Henrie,ehenriejh@reverbnation.com,Male
00702,Theodor,Waddy,twaddyji@wordpress.com,Male
00703,Rafaellle,Cruce,rcrucejj@comcast.net,Male
00704,Jacquie,Brundell,jbrundelljk@slashdot.org,Female
00705,Neille,Guerry,nguerryjl@blogtalkradio.com,Female
00706,Jule,Wibrew,jwibrewjm@answers.com,Male
00707,Marje,Padkin,mpadkinjn@nymag.com,Female
00708,Erda,Bettam,ebettamjo@un.org,Female
00709,Hersh,Byart,hbyartjp@pinterest.com,Male
00710,Lem,Charopen,lcharopenjq@icio.us,Male
00711,Jaquith,Concannon,jconcannonjr@simplemachines.org,Female
00712,Caron,Frodsham,cfrodshamjs@webs.com,Female
00713,Merci,Powley,mpowleyjt@cornell.edu,Female
00714,Elyse,Spinas,espinasju@spotify.com,Female
00715,Enid,McNern,emcnernjv@psu.edu,Female
00716,Kathlin,Hiom,khiomjw@drupal.org,Female
00717,Corly,Coulson,ccoulsonjx@opensource.org,Female
00718,Vivi,McCoveney,vmccoveneyjy@wordpress.com,Female
00719,Rickard,Escudier,rescudierjz@hibu.com,Male
00720,Justina,Vanyakin,jvanyakink0@google.it,Female
00721,Melina,Toner,mtonerk1@dagondesign.com,Female
00722,Tod,Hunt,thuntk2@skype.com,Male
00723,Marissa,Tumbridge,mtumbridgek3@hao123.com,Female
00724,Andie,Ginni,aginnik4@paginegialle.it,Male
00725,Wilone,Aysh,wayshk5@google.ca,Female
00726,Fanchette,Bligh,fblighk6@howstuffworks.com,Female
00727,Freddie,Cringle,fcringlek7@epa.gov,Female
00728,Bernelle,Reneke,brenekek8@mozilla.com,Female
00729,Francis,Lyffe,flyffek9@webs.com,Male
00730,Julius,Louche,jloucheka@hubpages.com,Male
00731,Dewain,Montacute,dmontacutekb@abc.net.au,Male
00732,Amber,Dillon,adillonkc@usa.gov,Female
00733,Adler,Nicholl,anichollkd@va.gov,Male
00734,Mano,Stapleford,mstaplefordke@mtv.com,Male
00735,Lesly,Eyckelbeck,leyckelbeckkf@aol.com,Female
00736,Georgeta,Ambage,gambagekg@fastcompany.com,Female
00737,Walt,Giaomozzo,wgiaomozzokh@fc2.com,Male
00738,Marina,Charity,mcharityki@istockphoto.com,Female
00739,Ferne,Dean,fdeankj@shutterfly.com,Female
00740,Harlan,O' Hogan,hohogankk@g.co,Male
00741,Al,Henrot,ahenrotkl@uol.com.br,Male
00742,Milzie,Emsley,memsleykm@reddit.com,Female
00743,Feodora,Harvey,fharveykn@indiegogo.com,Female
00744,Camille,Machel,cmachelko@homestead.com,Female
00745,Elbertine,Pavier,epavierkp@flickr.com,Female
00746,Winifield,Bakhrushin,wbakhrushinkq@ox.ac.uk,Male
00747,Violante,Cookley,vcookleykr@irs.gov,Female
00748,Yurik,Ivel,yivelks@prlog.org,Male
00749,Fanchon,Lucock,flucockkt@woothemes.com,Female
00750,Sandie,Feldmesser,sfeldmesserku@guardian.co.uk,Female
00751,Annadiana,Davisson,adavissonkv@berkeley.edu,Female
00752,Bartram,Blaydon,bblaydonkw@bluehost.com,Male
00753,Ernest,Cutforth,ecutforthkx@storify.com,Male
00754,Fransisco,Petrescu,fpetrescuky@posterous.com,Male
00755,Kasper,Treves,ktreveskz@cnn.com,Male
00756,Ibby,Soltan,isoltanl0@feedburner.com,Female
00757,Gill,Kenwin,gkenwinl1@hao123.com,Female
00758,Euell,Camell,ecamelll2@kickstarter.com,Male
00759,Barny,Buckerfield,bbuckerfieldl3@home.pl,Male
00760,Rafferty,Feldharker,rfeldharkerl4@omniture.com,Male
00761,Barnabas,Barlow,bbarlowl5@sakura.ne.jp,Male
00762,Dannie,Giffon,dgiffonl6@vk.com,Male
00763,Aile,Addy,aaddyl7@mapy.cz,Female
00764,Fidela,Semrad,fsemradl8@usda.gov,Female
00765,Rozella,Posten,rpostenl9@wordpress.com,Female
00766,Franklin,Eadon,feadonla@fc2.com,Male
00767,Alethea,Jiran,ajiranlb@jimdo.com,Female
00768,Gery,Tribbeck,gtribbecklc@webnode.com,Male
00769,Marietta,Springell,mspringellld@weebly.com,Male
00770,Mead,Coleson,mcolesonle@fastcompany.com,Male
00771,Zane,Pepineaux,zpepineauxlf@goo.gl,Male
00772,Daniele,Gannon,dgannonlg@gizmodo.com,Female
00773,Cobb,Seniour,cseniourlh@businesswire.com,Male
00774,Chilton,Gepp,cgeppli@google.ca,Male
00775,Lemar,Lowrey,llowreylj@spotify.com,Male
00776,Bendite,Dober,bdoberlk@springer.com,Female
00777,Amie,Groucock,agroucockll@sakura.ne.jp,Female
00778,Rozalie,Maryan,rmaryanlm@ebay.com,Female
00779,Addy,Kime,akimeln@squarespace.com,Female
00780,Lindsey,Giovannardi,lgiovannardilo@goo.ne.jp,Female
00781,Jeromy,Haythorn,jhaythornlp@etsy.com,Male
00782,Desmund,Gonzalo,dgonzalolq@furl.net,Male
00783,Edythe,Lorkin,elorkinlr@auda.org.au,Female
00784,Nevil,Toyer,ntoyerls@goodreads.com,Male
00785,Lucia,Girth,lgirthlt@home.pl,Female
00786,Janeta,Titchen,jtitchenlu@about.me,Female
00787,Gardner,Riggeard,griggeardlv@google.nl,Male
00788,Teriann,Trehearn,ttrehearnlw@vistaprint.com,Female
00789,Dermot,Corston,dcorstonlx@mapy.cz,Male
00790,Tris,Deuss,tdeussly@webeden.co.uk,Male
00791,Lezlie,Di Bernardo,ldibernardolz@abc.net.au,Female
00792,Westbrook,Schwandermann,wschwandermannm0@usnews.com,Male
00793,Hal,Vida,hvidam1@cpanel.net,Male
00794,Kerby,Rugg,kruggm2@oakley.com,Male
00795,Thekla,Walbrook,twalbrookm3@xing.com,Female
00796,Steffie,Mundy,smundym4@nytimes.com,Female
00797,Traver,Lawry,tlawrym5@google.de,Male
00798,Murdoch,Riha,mriham6@seattletimes.com,Male
00799,Thoma,Parr,tparrm7@virginia.edu,Male
00800,Sidnee,Veldstra,sveldstram8@nbcnews.com,Male
00801,Norbert,Giannassi,ngiannassim9@dmoz.org,Male
00802,Elsbeth,Penhall,epenhallma@cornell.edu,Female
00803,Trevor,Kinneally,tkinneallymb@meetup.com,Male
00804,Sophey,Ciottoi,sciottoimc@alibaba.com,Female
00805,Ignacio,Walcher,iwalchermd@cnn.com,Male
00806,Sherill,Feighney,sfeighneyme@geocities.com,Female
00807,Dayle,Haire,dhairemf@trellian.com,Female
00808,Hazel,Burkin,hburkinmg@ow.ly,Male
00809,Benedetto,Shuttleworth,bshuttleworthmh@freewebs.com,Male
00810,Gabie,Donan,gdonanmi@multiply.com,Male
00811,Kariotta,Graffin,kgraffinmj@dropbox.com,Female
00812,Arley,Djorvic,adjorvicmk@51.la,Male
00813,Valene,Hugonet,vhugonetml@nhs.uk,Female
00814,Phaedra,Jacquemot,pjacquemotmm@youtube.com,Female
00815,Valeda,Skiggs,vskiggsmn@prlog.org,Female
00816,Asia,Marieton,amarietonmo@yolasite.com,Female
00817,Halley,Feary,hfearymp@howstuffworks.com,Female
00818,Lorraine,Vasyukhin,lvasyukhinmq@irs.gov,Female
00819,Eugen,Kohnert,ekohnertmr@sfgate.com,Male
00820,Bent,Coushe,bcoushems@biglobe.ne.jp,Male
00821,Harv,Omar,homarmt@blogtalkradio.com,Male
00822,Zarah,Cardon,zcardonmu@twitpic.com,Female
00823,Hammad,Antoniewski,hantoniewskimv@nature.com,Male
00824,Fredericka,Jacson,fjacsonmw@cdbaby.com,Female
00825,Rosalia,Jennings,rjenningsmx@google.pl,Female
00826,Filia,Cowton,fcowtonmy@aboutads.info,Female
00827,Rockey,Franzel,rfranzelmz@house.gov,Male
00828,Halsy,Jendricke,hjendricken0@latimes.com,Male
00829,Sena,Wilman,swilmann1@last.fm,Female
00830,Rozele,Thornthwaite,rthornthwaiten2@army.mil,Female
00831,Caren,Saddleton,csaddletonn3@toplist.cz,Female
00832,Che,Snoddin,csnoddinn4@slashdot.org,Male
00833,Tilda,Riccardi,triccardin5@bandcamp.com,Female
00834,Erika,Schiefersten,eschieferstenn6@elpais.com,Female
00835,Wanids,Stansby,wstansbyn7@networkadvertising.org,Female
00836,Hannie,Rudeforth,hrudeforthn8@icio.us,Female
00837,Lilas,Cattlow,lcattlown9@nps.gov,Female
00838,Mendie,Giannoni,mgiannonina@discuz.net,Male
00839,Lynett,Winborn,lwinbornnb@timesonline.co.uk,Female
00840,Reinwald,Kupper,rkuppernc@latimes.com,Male
00841,Arvy,Olpin,aolpinnd@archive.org,Male
00842,Issy,Josselson,ijosselsonne@sina.com.cn,Female
00843,Alverta,Jakubovski,ajakubovskinf@angelfire.com,Female
00844,Rowney,Finby,rfinbyng@github.com,Male
00845,Killian,Tarquini,ktarquininh@drupal.org,Male
00846,Ludovika,Froude,lfroudeni@dailymotion.com,Female
00847,Carl,Soan,csoannj@chicagotribune.com,Male
00848,Bink,Doutch,bdoutchnk@cocolog-nifty.com,Male
00849,Elwira,Dove,edovenl@cafepress.com,Female
00850,Gregg,Swanwick,gswanwicknm@admin.ch,Male
00851,Deva,Marner,dmarnernn@amazon.co.jp,Female
00852,Dugald,Stennine,dstennineno@cornell.edu,Male
00853,Shepard,Rathe,srathenp@nih.gov,Male
00854,Emlen,Bellanger,ebellangernq@taobao.com,Male
00855,Cyril,Heckner,checknernr@google.com.br,Male
00856,Dennison,Coatman,dcoatmanns@last.fm,Male
00857,Flora,Pittham,fpitthamnt@gizmodo.com,Female
00858,Kerk,Joseff,kjoseffnu@w3.org,Male
00859,Kermit,Kiera,kkieranv@amazon.co.uk,Male
00860,Ricardo,Matus,rmatusnw@irs.gov,Male
00861,Christophe,Silley,csilleynx@slashdot.org,Male
00862,Petrina,Philippou,pphilippouny@dagondesign.com,Female
00863,Nissie,Stitle,nstitlenz@oracle.com,Female
00864,Hillel,Gouley,hgouleyo0@fastcompany.com,Male
00865,Andy,Weymouth,aweymoutho1@cocolog-nifty.com,Female
00866,Allys,Matzl,amatzlo2@google.co.jp,Female
00867,Findlay,Essam,fessamo3@nps.gov,Male
00868,Ferrell,Longthorn,flongthorno4@unblog.fr,Male
00869,Karlik,Flegg,kfleggo5@chicagotribune.com,Male
00870,Davidson,Marking,dmarkingo6@tinypic.com,Male
00871,Urbain,Woodburne,uwoodburneo7@mac.com,Male
00872,Marcelle,Golley,mgolleyo8@japanpost.jp,Female
00873,Fonsie,Chantree,fchantreeo9@reverbnation.com,Male
00874,Waverly,Gormally,wgormallyoa@google.cn,Male
00875,Noami,Phillcox,nphillcoxob@apache.org,Female
00876,Howey,Charlick,hcharlickoc@phpbb.com,Male
00877,Stefanie,Peres,speresod@blogs.com,Female
00878,Waldo,Kobke,wkobkeoe@woothemes.com,Male
00879,Henrieta,Szubert,hszubertof@china.com.cn,Female
00880,Olly,Vallery,ovalleryog@sourceforge.net,Male
00881,Shaw,Pimmocke,spimmockeoh@mail.ru,Male
00882,Yuma,Mazzey,ymazzeyoi@pcworld.com,Male
00883,Rube,Lark,rlarkoj@bbb.org,Male
00884,Dominica,Ley,dleyok@dell.com,Female
00885,Anabal,Dilleway,adillewayol@1und1.de,Female
00886,Pearline,Prettejohns,pprettejohnsom@jigsy.com,Female
00887,Worth,Gott,wgotton@cbc.ca,Male
00888,Shep,Plail,splailoo@businessweek.com,Male
00889,Sophey,Kiledal,skiledalop@moonfruit.com,Female
00890,Sonnie,Rolley,srolleyoq@ted.com,Male
00891,Bar,Rapelli,brapellior@biblegateway.com,Male
00892,Yvor,Ions,yionsos@uol.com.br,Male
00893,Shena,Roark,sroarkot@addthis.com,Female
00894,Bruce,Jerrams,bjerramsou@uiuc.edu,Male
00895,Evangelia,Yarwood,eyarwoodov@imgur.com,Female
00896,Aimil,Glendza,aglendzaow@php.net,Female
00897,Adriane,Wederell,awederellox@pen.io,Female
00898,Minny,Hause,mhauseoy@ibm.com,Female
00899,Amata,Rustadge,arustadgeoz@walmart.com,Female
00900,Kassie,Fillgate,kfillgatep0@pcworld.com,Female
00901,Fabian,Danslow,fdanslowp1@com.com,Male
00902,Trey,Soppit,tsoppitp2@reddit.com,Male
00903,Dukey,Amdohr,damdohrp3@homestead.com,Male
00904,Minor,Monshall,mmonshallp4@google.ca,Male
00905,Jerrold,Long,jlongp5@wikipedia.org,Male
00906,Ryun,Mitten,rmittenp6@craigslist.org,Male
00907,Kort,Meekings,kmeekingsp7@drupal.org,Male
00908,Marya,Bragger,mbraggerp8@constantcontact.com,Female
00909,Budd,Knowlden,bknowldenp9@usda.gov,Male
00910,Gustave,Yerby,gyerbypa@naver.com,Male
00911,Patrizia,Horlock,phorlockpb@nps.gov,Female
00912,Natasha,Cotilard,ncotilardpc@economist.com,Female
00913,Pooh,Espinho,pespinhopd@posterous.com,Female
00914,Ginger,Garbar,ggarbarpe@theatlantic.com,Male
00915,Blanch,Panons,bpanonspf@sitemeter.com,Female
00916,Silva,Merrifield,smerrifieldpg@illinois.edu,Female
00917,Ingemar,Kavanagh,ikavanaghph@e-recht24.de,Male
00918,Bette-ann,Arrington,barringtonpi@foxnews.com,Female
00919,Lelah,Benham,lbenhampj@sphinn.com,Female
00920,Norrie,Croix,ncroixpk@imageshack.us,Male
00921,Roarke,Brolan,rbrolanpl@posterous.com,Male
00922,Amalie,Bocking,abockingpm@chronoengine.com,Female
00923,Mac,Tattersfield,mtattersfieldpn@behance.net,Male
00924,Martguerita,Thomassin,mthomassinpo@youku.com,Female
00925,Tamarra,Sinnett,tsinnettpp@rakuten.co.jp,Female
00926,Farrell,Shubotham,fshubothampq@paypal.com,Male
00927,Jourdain,Baszkiewicz,jbaszkiewiczpr@arstechnica.com,Male
00928,Eldridge,Jakubiak,ejakubiakps@yahoo.co.jp,Male
00929,Charis,Elcocks,celcockspt@nymag.com,Female
00930,Son,Westhoff,swesthoffpu@xing.com,Male
00931,Moises,Gebby,mgebbypv@sitemeter.com,Male
00932,Karyl,Hunnybun,khunnybunpw@marketwatch.com,Female
00933,Thorn,Ratcliffe,tratcliffepx@deliciousdays.com,Male
00934,Idell,Weems,iweemspy@scribd.com,Female
00935,Millisent,Mottram,mmottrampz@wikia.com,Female
00936,Tessa,Gollard,tgollardq0@lycos.com,Female
00937,Vikki,Kiraly,vkiralyq1@digg.com,Female
00938,Maryellen,Castanone,mcastanoneq2@xrea.com,Female
00939,Darya,Middler,dmiddlerq3@cafepress.com,Female
00940,Ilyse,Suckling,isucklingq4@theatlantic.com,Female
00941,Kippar,Livard,klivardq5@oakley.com,Male
00942,Shanie,Corkell,scorkellq6@clickbank.net,Female
00943,Iggie,Lathleiffure,ilathleiffureq7@nifty.com,Male
00944,Dante,Hudspeth,dhudspethq8@joomla.org,Male
00945,Danila,Higgoe,dhiggoeq9@bizjournals.com,Female
00946,Berk,Marven,bmarvenqa@eepurl.com,Male
00947,Phil,Cantua,pcantuaqb@disqus.com,Female
00948,Tony,Fann,tfannqc@usgs.gov,Female
00949,Clarie,Hedylstone,chedylstoneqd@newyorker.com,Female
00950,Foster,Demsey,fdemseyqe@is.gd,Male
00951,Mal,Beniesh,mbenieshqf@sourceforge.net,Male
00952,Hayward,Kibard,hkibardqg@tamu.edu,Male
00953,Zelma,Manhood,zmanhoodqh@goo.ne.jp,Female
00954,Mufinella,Ivanenkov,mivanenkovqi@fotki.com,Female
00955,Timmy,Whiteley,twhiteleyqj@tiny.cc,Female
00956,Tamqrah,Dran,tdranqk@fema.gov,Female
00957,Gaston,Pigram,gpigramql@jalbum.net,Male
00958,Read,Broadist,rbroadistqm@indiegogo.com,Male
00959,Hastie,Fishbourn,hfishbournqn@pbs.org,Male
00960,Darrell,Blaby,dblabyqo@wix.com,Male
00961,Mattie,Kemell,mkemellqp@marketwatch.com,Female
00962,Bil,Matic,bmaticqq@sciencedaily.com,Male
00963,Tina,Peyzer,tpeyzerqr@amazon.de,Female
00964,Raviv,Ditts,rdittsqs@stanford.edu,Male
00965,Neile,Scown,nscownqt@behance.net,Female
00966,Silvano,Marjanski,smarjanskiqu@who.int,Male
00967,Nobie,Dingsdale,ndingsdaleqv@ihg.com,Male
00968,Lindsay,Forker,lforkerqw@hp.com,Male
00969,Adler,Megroff,amegroffqx@msu.edu,Male
00970,Emlynne,Moodie,emoodieqy@wired.com,Female
00971,Farrel,Hassekl,fhasseklqz@opera.com,Male
00972,Lil,Mitchenson,lmitchensonr0@engadget.com,Female
00973,Tito,Bisp,tbispr1@edublogs.org,Male
00974,Mozelle,Bamblett,mbamblettr2@thetimes.co.uk,Female
00975,Clem,Eby,cebyr3@marriott.com,Female
00976,Tuck,Roskilly,troskillyr4@csmonitor.com,Male
00977,Damon,Chaffin,dchaffinr5@soundcloud.com,Male
00978,Grannie,Rotte,grotter6@reuters.com,Male
00979,Alina,Lemery,alemeryr7@printfriendly.com,Female
00980,Marylinda,Gillanders,mgillandersr8@google.co.uk,Female
00981,Maurine,Dozdill,mdozdillr9@stanford.edu,Female
00982,Kariotta,Ottewill,kottewillra@joomla.org,Female
00983,Daloris,Risborough,drisboroughrb@biglobe.ne.jp,Female
00984,Melisandra,Phorsby,mphorsbyrc@sohu.com,Female
0098576,Blinni,Peris,bperisrd@desdev.cn,Female
00986,Belvia,Daintier,bdaintierre@paginegialle.it,Female
00987,Glory,Taylorson,gtaylorsonrf@redcross.org,Female
00988,Loren,Duffell,lduffellrg@java.com,Male
00989,Nessa,Hayne,nhaynerh@time.com,Female
00990,Evelyn,Brittoner,ebrittonerri@chronoengine.com,Male
00991,Bendick,Roon,broonrj@diigo.com,Male
00992,Courtenay,Rigden,crigdenrk@toplist.cz,Female
00993,Florentia,Manuello,fmanuellorl@gmpg.org,Female
00994,Codi,Randle,crandlerm@feedburner.com,Male
00995,Eal,Finden,efindenrn@webnode.com,Male
00996,Kinnie,Paydon,kpaydonro@t-online.de,Male
00997,Allix,Starzaker,astarzakerrp@spotify.com,Female
00998,Tani,Banfill,tbanfillrq@redcross.org,Female
00999,Perl,Cherrie,pcherrierr@cmu.edu,Female
