id,first_name,last_name,email,gender
ID00000,Bendicty,Pinchbeck,bpinchbeck0@gizmodo.com,Male
ID00001,Letitia,Jerwood,ljerwood1@cdbaby.com,Female
ID00002,Ward,Habben,whabben2@miitbeian.gov.cn,Male
ID00003,Mac,Flewan,mflewan3@spiegel.de,Male
ID00004,Corny,Mease,cmease4@newsvine.com,Male
ID00005,Cristin,Scrowston,cscrowston5@who.int,Female
ID00006,Haze,Glasspoole,hglasspoole6@goo.ne.jp,Male
ID00007,Lenci,Bernardeschi,lbernardeschi7@cafepress.com,Male
ID00008,Lucie,Geck,lgeck8@upenn.edu,Female
ID00009,Woodman,Saul,wsaul9@toplist.cz,Male
ID00010,Rebekkah,Strelitzki,rstrelitzkia@live.com,Female
ID00011,Ogdan,Narbett,onarbettb@elpais.com,Male
ID00012,Marcelline,Davidsohn,mdavidsohnc@slashdot.org,Female
ID00013,Dulciana,Bartkiewicz,dbartkiewiczd@mapy.cz,Female
ID00014,Wilhelmine,Eldin,weldine@msu.edu,Female
ID00015,Roma,Savill,rsavillf@wikipedia.org,Male
ID00016,Laureen,Luker,llukerg@salon.com,Female
ID00017,Lucilia,Bryns,lbrynsh@addtoany.com,Female
UD00018,Ermina,Drains,edrainsi@shutterfly.com,Female
ID00019,Jo,Albutt,jalbuttj@wisc.edu,Female
ID00020,Teresina,Dacombe,tdacombek@ning.com,Female
ID00021,Jere,Cutsforth,jcutsforthl@businesswire.com,Female
ID00022,Hope,Dyers,hdyersm@addtoany.com,Female
ID00023,Dedra,Seys,dseysn@ucsd.edu,Female
ID00024,Valenka,de Merida,vdemeridao@ezinearticles.com,Female
ID00025,Koo,Pomeroy,kpomeroyp@sbwire.com,Female
ID00026,Glennis,Pennycuick,gpennycuickq@mlb.com,Female
ID00027,Nikoletta,Scorrer,nscorrerr@g.co,Female
ID00028,Henderson,Pastor,hpastors@lycos.com,Male
ID00029,Ashly,Macklam,amacklamt@slideshare.net,Female
ID00030,Priscella,Rashleigh,prashleighu@wsj.com,Female
ID00031,Lisle,Jervis,ljervisv@smh.com.au,Male
ID00032,Lilyan,Huckstepp,lhucksteppw@ox.ac.uk,Female
ID00033,Harper,Portt,hporttx@adobe.com,Male
ID0003421,Agnesse,Dicte,adictey@lulu.com,Female
ID00035,Bartel,Talmadge,btalmadgez@fda.gov,Male
ID00036,Sigrid,Deppe,sdeppe10@businessinsider.com,Female
ID00037,Kathlin,Keeffe,kkeeffe11@squidoo.com,Female
ID00038,Petey,Asker,pasker12@dedecms.com,Male
ID00039,Tarra,Daniellot,tdaniellot13@cpanel.net,Female
ID00040,Trixy,Hebbes,thebbes14@dmoz.org,Female
ID00041,Chloris,Cosslett,ccosslett15@webnode.com,Female
ID00042,Rodd,Deam,rdeam16@cafepress.com,Male
ID00043,Dael,Malitrott,dmalitrott17@a8.net,Male
ID00044,Wilbur,Zettoi,wzettoi18@scribd.com,Male
ID00045,Elia,Lattey,elattey19@so-net.ne.jp,Male
ID00046,Bette-ann,Churchley,bchurchley1a@soundcloud.com,Female
ID0004749,Kara,Ivanov,kivanov1b@army.mil,Female
ID00048,Mariquilla,Dincey,mdincey1c@addtoany.com,Female
ID00049,Liv,Towersey,ltowersey1d@timesonline.co.uk,Female
ID00050,Matt,Crace,mcrace1e@dot.gov,Male
ID00051,Davon,Roalfe,droalfe1f@artisteer.com,Male
ID00052,Veda,Titheridge,vtitheridge1g@yale.edu,Female
ID00053,Elnore,Gatheridge,egatheridge1h@cargocollective.com,Female
ID00054,Jodi,Eccersley,jeccersley1i@skyrock.com,Male
ID00055,Maddie,Fryett,mfryett1j@clickbank.net,Male
ID00056,Alessandra,Partrick,apartrick1k@blogspot.com,Female
ID00057,Ronny,Szabo,rszabo1l@typepad.com,Male
ID00058,Derron,Farriar,dfarriar1m@arstechnica.com,Male
ID00059,Lucretia,Shoute,lshoute1n@zdnet.com,Female
ID00060,Griselda,McNair,gmcnair1o@cbslocal.com,Female
ID00061,Will,Burdoun,wburdoun1p@fc2.com,Male
ID00062,Kati,Tarbett,ktarbett1q@dedecms.com,Female
ID00063,Meghann,Shillaker,mshillaker1r@trellian.com,Female
ID00064,Vladamir,Michelin,vmichelin1s@1688.com,Male
ID00065,Marsha,Gernier,mgernier1t@hostgator.com,Female
ID00066,Enoch,Stinchcombe,estinchcombe1u@blogs.com,Male
ID00067,Erhard,Abby,eabby1v@arstechnica.com,Male
ID00068,Edie,Necolds,enecolds1w@state.gov,Female
ID00069,Daryl,Darlasson,ddarlasson1x@irs.gov,Female
ID00070,Wallace,Bowbrick,wbowbrick1y@comcast.net,Male
ID00071,Dody,Zanussii,dzanussii1z@hp.com,Female
ID00072,Cleo,Berthod,cberthod20@house.gov,Female
ID00073,Fifine,Spat,fspat21@go.com,Female
ID00074,Kori,Vickarman,kvickarman22@apache.org,Female
ID00075,Ulberto,Van Arsdalen,uvanarsdalen23@wikipedia.org,Male
ID00076,Sofie,Keele,skeele24@feedburner.com,Female
ID00077,Cacilie,Lamps,clamps25@washingtonpost.com,Female
ID00078,Henderson,Goodsell,hgoodsell26@booking.com,Male
ID00079,Marjie,Everleigh,meverleigh27@java.com,Female
ID00080,Zondra,Abdy,zabdy28@prlog.org,Female
ID00081,Melinde,Whistan,mwhistan29@purevolume.com,Female
ID00082,Andy,Verlander,averlander2a@storify.com,Female
ID00083,Myron,Dickman,mdickman2b@yellowbook.com,Male
ID00084,Bevvy,Georgi,bgeorgi2c@alexa.com,Female
ID00085,Elnore,Reeks,ereeks2d@google.cn,Female
ID00086,Barnaby,Gerty,bgerty2e@altervista.org,Male
ID00087,Yoko,Andre,yandre2f@squarespace.com,Female
ID00088,Kin,Betton,kbetton2g@msu.edu,Male
ID00089,Dewitt,McGoldrick,dmcgoldrick2h@rediff.com,Male
ID00090,Curtice,Rosewarne,crosewarne2i@zdnet.com,Male
ID00091,Svend,Hazelby,shazelby2j@sphinn.com,Male
ID00092,Genovera,Heaysman,gheaysman2k@friendfeed.com,Female
ID00093,Veronique,Penwarden,vpenwarden2l@pbs.org,Female
ID00094,Sheffy,Poat,spoat2m@deliciousdays.com,Male
ID00095,Stavro,Matysiak,smatysiak2n@apple.com,Male
ID00096,Bogey,Lipprose,blipprose2o@unicef.org,Male
ID00097,Brook,Plows,bplows2p@liveinternet.ru,Female
ID00098,Kip,Wraxall,kwraxall2q@hibu.com,Female
ID00099,Perrine,Crudgington,pcrudgington2r@sun.com,Female
ID00100,Zebadiah,Legging,zlegging2s@parallels.com,Male
ID00101,Derick,Beyer,dbeyer2t@printfriendly.com,Male
1D00102,Shari,Pitbladdo,spitbladdo2u@xing.com,Female
ID00103,Neda,Bedwell,nbedwell2v@jalbum.net,Female
ID00104,Brooks,Karpman,bkarpman2w@buzzfeed.com,Female
ID00105,Marijn,Youel,myouel2x@elegantthemes.com,Male
ID00106,Edvard,Harner,eharner2y@baidu.com,Male
ID00107,Kacie,Juschka,kjuschka2z@instagram.com,Female
ID00108,Barclay,Blennerhassett,bblennerhassett30@soundcloud.com,Male
ID00109,Deirdre,Guerriero,dguerriero31@clickbank.net,Female
ID00110,Roselin,Yellowlees,ryellowlees32@google.com.au,Female
ID00111,Gilbertina,Morbey,gmorbey33@newyorker.com,Female
ID00112,Sherwin,Mocquer,smocquer34@prweb.com,Male
ID00113,Wilek,Greer,wgreer35@dot.gov,Male
ID00114,Hort,Ingledow,hingledow36@amazon.de,Male
ID00115,Milzie,Finley,mfinley37@feedburner.com,Female
ID00116,Alberto,Sleep,asleep38@imageshack.us,Male
ID00117,Winnie,Forrestill,wforrestill39@storify.com,Female
ID00118,Anselma,Lomasny,alomasny3a@bigcartel.com,Female
ID00119,Pebrook,Blasi,pblasi3b@constantcontact.com,Male
ID00120,Cris,Fullager,cfullager3c@mashable.com,Female
ID00121,Bronson,MacNess,bmacness3d@cbslocal.com,Male
ID00122,Paule,Testo,ptesto3e@reverbnation.com,Female
ID00123,Tonnie,Joseland,tjoseland3f@google.cn,Male
ID00124,Neil,Warcup,nwarcup3g@theguardian.com,Male
ID00125,Rheba,Sacco,rsacco3h@bbb.org,Female
ID00126,Letti,Sprankling,lsprankling3i@lulu.com,Female
ID00127,Anett,Cessford,acessford3j@miitbeian.gov.cn,Female
ID00128,Carey,Oglesbee,coglesbee3k@jigsy.com,Female
ID00129,Devonne,Trunchion,dtrunchion3l@ycombinator.com,Female
ID00130,Bentley,Sowood,bsowood3m@columbia.edu,Male
ID00131,Claus,Norrington,cnorrington3n@weibo.com,Male
ID00132,Jehu,Gumey,jgumey3o@timesonline.co.uk,Male
ID00133,Henri,Prendiville,hprendiville3p@imageshack.us,Male
ID00134,Harli,Barhem,hbarhem3q@constantcontact.com,Female
ID00135,Carmel,Cholomin,ccholomin3r@eepurl.com,Female
ID00136,Algernon,Casswell,acasswell3s@cnet.com,Male
ID00137,Wendye,McHarry,wmcharry3t@xinhuanet.com,Female
ID00138,Collen,Dennett,cdennett3u@unicef.org,Female
ID00139,Merrielle,Graal,mgraal3v@ucsd.edu,Female
ID00140,Barn,Esilmon,besilmon3w@google.com,Male
ID00141,Kimbra,Brandenburg,kbrandenburg3x@businessinsider.com,Female
ID00142,Tandi,Robotham,trobotham3y@i2i.jp,Female
ID00143,Carroll,Le Gall,clegall3z@businessweek.com,Female
ID00144,Vernen,Jimes,vjimes40@google.co.uk,Male
ID00145,Tomi,Bigby,tbigby41@pcworld.com,Female
ID00146,Stacia,Pilbeam,spilbeam42@angelfire.com,Female
ID00147,Carleen,Foukx,cfoukx43@themeforest.net,Female
ID00148,Sandra,Viel,sviel44@nyu.edu,Female
ID00149,Odetta,Jodlkowski,ojodlkowski45@de.vu,Female
ID00150,Nevile,Okenfold,nokenfold46@live.com,Male
ID00151,Clemmy,Verni,cverni47@tinyurl.com,Female
ID00152,Nolana,Athridge,nathridge48@alibaba.com,Female
ID00153,Marylou,Housen,mhousen49@google.nl,Female
ID00154,Ferdinande,Jessop,fjessop4a@bloomberg.com,Female
ID00155,Clayson,Kharchinski,ckharchinski4b@joomla.org,Male
ID00156,Bette,Filler,bfiller4c@mlb.com,Female
ID00157,Murvyn,Towersey,mtowersey4d@plala.or.jp,Male
ID00158,Desmund,Ceschelli,dceschelli4e@skype.com,Male
ID00159,Aubrey,Tanfield,atanfield4f@ucsd.edu,Female
ID00160,Siobhan,Fries,sfries4g@wordpress.org,Female
ID00161,Genny,Whitely,gwhitely4h@miibeian.gov.cn,Female
ID00162,Urbain,Cockroft,ucockroft4i@example.com,Male
ID00163,Loella,Adacot,ladacot4j@furl.net,Female
ID00164,Doy,Kilgallon,dkilgallon4k@ihg.com,Male
ID00165,Carolynn,Maddox,cmaddox4l@geocities.jp,Female
ID00166,Glynn,Spadollini,gspadollini4m@zdnet.com,Male
ID00167,Sherilyn,Ellwand,sellwand4n@ed.gov,Female
ID00168,Georgetta,Bentame,gbentame4o@dagondesign.com,Female
ID00169,Jenelle,Cookes,jcookes4p@baidu.com,Female
ID00170,Tracie,Sumpter,tsumpter4q@ycombinator.com,Male
ID00171,Auberta,Heinonen,aheinonen4r@biblegateway.com,Female
ID00172,Maurine,Hetterich,mhetterich4s@washingtonpost.com,Female
ID00173,Jeth,Leadbeater,jleadbeater4t@netscape.com,Male
ID00174,Deb,Fenich,dfenich4u@ezinearticles.com,Female
ID00175,Korney,Charlson,kcharlson4v@lulu.com,Female
ID00176,Petronilla,Horder,phorder4w@skyrock.com,Female
ID00177,Consuelo,Hursey,chursey4x@umn.edu,Female
ID00178,Gregg,Pride,gpride4y@chicagotribune.com,Male
ID00179,Merv,Oake,moake4z@linkedin.com,Male
ID00180,Mychal,Petrolli,mpetrolli50@rakuten.co.jp,Male
ID00181,Essy,Washbrook,ewashbrook51@yellowbook.com,Female
ID00182,Devland,Presman,dpresman52@biblegateway.com,Male
ID00183,Lind,Oldacre,loldacre53@t.co,Male
ID00184,Pepito,Skipperbottom,pskipperbottom54@japanpost.jp,Male
ID00185,Sonja,Parradine,sparradine55@dedecms.com,Female
ID00186,Noel,Clemenza,nclemenza56@scientificamerican.com,Male
ID00187,Davy,Acors,dacors57@fotki.com,Male
ID00188,Chalmers,Greasty,cgreasty58@dot.gov,Male
ID00189,Pacorro,Neve,pneve59@sbwire.com,Male
ID00190,Glad,Swynfen,gswynfen5a@yahoo.com,Female
ID00191,Cally,Driussi,cdriussi5b@army.mil,Female
ID00192,Feliza,Casaro,fcasaro5c@bigcartel.com,Female
ID00193,Leesa,Michelmore,lmichelmore5d@google.cn,Female
ID00194,Lazar,Weekland,lweekland5e@loc.gov,Male
ID00195,Meyer,Vispo,mvispo5f@webeden.co.uk,Male
ID00196,Tally,Itzkovich,titzkovich5g@nifty.com,Male
ID00197,Claudius,Lonsbrough,clonsbrough5h@dyndns.org,Male
ID00198,Sharyl,Mardell,smardell5i@icq.com,Female
ID00199,Ame,Forcade,aforcade5j@cnn.com,Female
ID00200,Gretna,Shercliff,gshercliff5k@washington.edu,Female
ID00201,Ivor,Carlone,icarlone5l@is.gd,Male
ID00202,Gianna,Troyes,gtroyes5m@dion.ne.jp,Female
ID00203,Justinian,Lealle,jlealle5n@slate.com,Male
ID00204,Paddie,Kerfoot,pkerfoot5o@fema.gov,Male
ID00205,Joceline,Moncrieffe,jmoncrieffe5p@dropbox.com,Female
ID00206,Eward,Eustis,eeustis5q@odnoklassniki.ru,Male
ID00207,Dore,Alfonzo,dalfonzo5r@so-net.ne.jp,Male
ID00208,Kippar,Slater,kslater5s@cmu.edu,Male
ID00209,Gayler,Etches,getches5t@facebook.com,Male
ID00210,Averil,Edgin,aedgin5u@oaic.gov.au,Female
ID00211,Izak,Hofton,ihofton5v@issuu.com,Male
ID00212,Grayce,Kingsley,gkingsley5w@army.mil,Female
ID00213,Mick,Heake,mheake5x@usda.gov,Male
ID00214,Heriberto,Loalday,hloalday5y@blogger.com,Male
ID00215,Emma,Quarmby,equarmby5z@blogs.com,Female
ID00216,Foss,Abendroth,fabendroth60@chron.com,Male
ID00217,Adolph,Hearse,ahearse61@oakley.com,Male
ID00218,Sibbie,Durdle,sdurdle62@mail.ru,Female
ID00219,Boone,Bunning,bbunning63@utexas.edu,Male
ID00220,Nels,Dunan,ndunan64@163.com,Male
ID00221,Doretta,Alexandre,dalexandre65@wufoo.com,Female
ID00222,Kelby,Barniss,kbarniss66@accuweather.com,Male
Id00223,Monti,Kynvin,mkynvin67@nba.com,Male
ID00224,Joaquin,Jurewicz,jjurewicz68@hostgator.com,Male
ID00225,Conny,Mattiello,cmattiello69@ted.com,Male
ID00226,Ike,La Vigne,ilavigne6a@omniture.com,Male
ID00227,Anson,Pardi,apardi6b@xing.com,Male
ID00228,Abey,McGilbon,amcgilbon6c@yellowpages.com,Male
ID00229,Monique,Woodlands,mwoodlands6d@google.co.uk,Female
ID00230,Giovanna,Sivior,gsivior6e@cmu.edu,Female
ID00231,Tressa,Otterwell,totterwell6f@samsung.com,Female
ID00232,Leighton,Skerratt,lskerratt6g@samsung.com,Male
ID00233,Dottie,Teeney,dteeney6h@com.com,Female
ID00234,Annetta,Taplow,ataplow6i@fda.gov,Female
ID00235,Karin,Diable,kdiable6j@nbcnews.com,Female
ID00236,Edith,De Bruin,edebruin6k@deliciousdays.com,Female
ID00237,Wallis,Jerche,wjerche6l@guardian.co.uk,Female
ID00238,Emmery,Deer,edeer6m@nih.gov,Male
ID00239,Kin,Brailey,kbrailey6n@posterous.com,Male
ID00240,Barn,Raatz,braatz6o@alibaba.com,Male
ID00241,Guglielma,Deniseau,gdeniseau6p@addthis.com,Female
ID00242,Emelina,Kinsman,ekinsman6q@zimbio.com,Female
ID00243,Anallise,Hoogendorp,ahoogendorp6r@google.pl,Female
ID00244,Blaine,MacGilrewy,bmacgilrewy6s@elpais.com,Male
ID00245,Priscilla,Ipsgrave,pipsgrave6t@wordpress.org,Female
ID00246,Tammie,Bertomieu,tbertomieu6u@mashable.com,Male
ID00247,Packston,Goscar,pgoscar6v@yolasite.com,Male
ID00248,Lola,Bucklan,lbucklan6w@google.com.hk,Female
ID00249,Larry,Prigmore,lprigmore6x@people.com.cn,Male
ID00250,Ronald,Blackwell,rblackwell6y@earthlink.net,Male
ID00251,Leanor,Kinningley,lkinningley6z@mozilla.com,Female
ID00252,Grete,Olphert,golphert70@arizona.edu,Female
ID00253,Ashbey,Devennie,adevennie71@infoseek.co.jp,Male
ID00254,Rodrigo,Yansons,ryansons72@cbsnews.com,Male
ID00255,Tristan,Corah,tcorah73@theatlantic.com,Male
ID00256,Lyndsie,Dulin,ldulin74@blogger.com,Female
ID00257,Garth,Loach,gloach75@addtoany.com,Male
ID00258,Cyrille,Eatock,ceatock76@dailymail.co.uk,Male
ID00259,Angelico,Romagosa,aromagosa77@tripadvisor.com,Male
ID00260,Lilli,Hugonneau,lhugonneau78@tumblr.com,Female
ID00261,Fonz,Luter,fluter79@ted.com,Male
ID00262,Hunt,Jacmard,hjacmard7a@google.com.hk,Male
ID00263,Cam,Valek,cvalek7b@uiuc.edu,Female
ID00264,Carmelina,Thirwell,cthirwell7c@mac.com,Female
ID00265,Akim,Coppins,acoppins7d@123-reg.co.uk,Male
ID00266,Fifi,Ahrenius,fahrenius7e@posterous.com,Female
ID00267,Robinson,Mil,rmil7f@kickstarter.com,Male
ID00268,Even,Luke,eluke7g@howstuffworks.com,Male
ID00269,Simmonds,Frascone,sfrascone7h@google.com.hk,Male
ID00270,Virgie,Cockarill,vcockarill7i@nasa.gov,Female
ID00271,Chane,Stearns,cstearns7j@amazon.de,Male
ID00272,Blythe,De Vere,bdevere7k@cocolog-nifty.com,Female
ID00273,Catherin,Dickens,cdickens7l@odnoklassniki.ru,Female
ID00274,Gearard,Fassbindler,gfassbindler7m@buzzfeed.com,Male
ID00275,Inesita,Lardez,ilardez7n@mit.edu,Female
ID00276,Nicko,Janiak,njaniak7o@miibeian.gov.cn,Male
ID00277,Benny,Grabiec,bgrabiec7p@timesonline.co.uk,Female
ID00278,Kim,Andrejs,kandrejs7q@tinyurl.com,Male
ID00279,Annice,Lamplugh,alamplugh7r@toplist.cz,Female
ID00280,Kellsie,Denacamp,kdenacamp7s@bing.com,Female
ID00281,Anthia,Palphramand,apalphramand7t@unesco.org,Female
ID00282,Mandel,Scamal,mscamal7u@paypal.com,Male
ID00283,Florella,Bolderson,fbolderson7v@howstuffworks.com,Female
ID00284,Gaylord,Eidelman,geidelman7w@admin.ch,Male
ID00285,Michal,Denniston,mdenniston7x@patch.com,Female
ID00286,Winn,Rolph,wrolph7y@independent.co.uk,Male
ID00287,Clarice,Becconsall,cbecconsall7z@theglobeandmail.com,Female
ID00288,Wilhelmina,Peet,wpeet80@ihg.com,Female
ID00289,Timothee,Onele,tonele81@theatlantic.com,Male
ID00290,Frederich,Dirkin,fdirkin82@geocities.com,Male
ID00291,Northrop,Lutwidge,nlutwidge83@indiegogo.com,Male
ID00292,Isac,Britland,ibritland84@devhub.com,Male
ID00293,Isacco,Harnetty,iharnetty85@google.it,Male
ID00294,Randy,Scammell,rscammell86@eepurl.com,Male
ID00295,Renee,Argont,rargont87@hostgator.com,Female
ID00296,Craggie,Brayne,cbrayne88@shop-pro.jp,Male
ID00297,Lawry,Birds,lbirds89@mtv.com,Male
ID00298,Christabella,Hallet,challet8a@buzzfeed.com,Female
ID00299,Alberta,Micah,amicah8b@abc.net.au,Female
ID00300,Pet,Miebes,pmiebes8c@over-blog.com,Female
ID00301,Gaye,Fenemore,gfenemore8d@adobe.com,Female
ID00302,Thomasa,Gyurko,tgyurko8e@geocities.jp,Female
ID00303,Reube,Severns,rseverns8f@sciencedirect.com,Male
ID00304,Meredithe,Fairbrother,mfairbrother8g@edublogs.org,Female
ID00305,Luella,Poone,lpoone8h@vinaora.com,Female
ID00306,Franky,McCool,fmccool8i@irs.gov,Female
ID00307,Nelia,Darlow,ndarlow8j@weebly.com,Female
ID00308,Melina,Eames,meames8k@fda.gov,Female
ID00309,Gordie,Frankiewicz,gfrankiewicz8l@skyrock.com,Male
ID00310,Ingrim,Joliffe,ijoliffe8m@ebay.com,Male
ID00311,Krishnah,Bondar,kbondar8n@seattletimes.com,Male
ID00312,Sigvard,Ashburner,sashburner8o@forbes.com,Male
ID00313,Cesya,Jedrzejczak,cjedrzejczak8p@baidu.com,Female
ID00314,Marie-ann,Durbann,mdurbann8q@eventbrite.com,Female
ID00315,Ian,Dabels,idabels8r@vinaora.com,Male
ID00316,Gearard,Sappson,gsappson8s@usda.gov,Male
ID00317,Cory,Betonia,cbetonia8t@dot.gov,Male
ID00318,Clemmie,Ogelbe,cogelbe8u@hp.com,Male
ID00319,Penn,Musla,pmusla8v@google.com.hk,Male
ID00320,Burke,Kingsnod,bkingsnod8w@google.de,Male
ID00321,Julissa,Tilsley,jtilsley8x@rediff.com,Female
ID00322,Ileane,Attenborough,iattenborough8y@networkadvertising.org,Female
ID00323,Anatole,Kyd,akyd8z@quantcast.com,Male
ID00324,Ginnie,Grog,ggrog90@chicagotribune.com,Female
ID00325,Laurens,Windibank,lwindibank91@google.pl,Male
ID00326,Dominick,Neward,dneward92@theatlantic.com,Male
ID00327,Thaine,Ambler,tambler93@mac.com,Male
ID00328,Myrta,Atkins,matkins94@cornell.edu,Female
ID00329,Renaldo,Harford,rharford95@cocolog-nifty.com,Male
ID00330,Merrick,Balkwill,mbalkwill96@globo.com,Male
ID00331,Burton,Piatti,bpiatti97@trellian.com,Male
ID00332,Drusilla,Uc,duc98@desdev.cn,Female
ID00333,Cyndi,Peachey,cpeachey99@aboutads.info,Female
ID00334,Louise,Cocksedge,lcocksedge9a@friendfeed.com,Female
ID00335,Ashlan,Parfrey,aparfrey9b@163.com,Female
ID00336,Fanchette,Lynock,flynock9c@slashdot.org,Female
ID00337,Irina,Baptie,ibaptie9d@va.gov,Female
ID00338,Clo,Samweyes,csamweyes9e@livejournal.com,Female
ID00339,Lazare,Aicken,laicken9f@blog.com,Male
ID00340,Igor,Corradini,icorradini9g@dot.gov,Male
ID00341,Justina,Rosas,jrosas9h@marriott.com,Female
ID00342,Lief,Teresia,lteresia9i@utexas.edu,Male
ID0034327,Kinsley,Naisbet,knaisbet9j@wikimedia.org,Male
ID00344,Jackqueline,Errett,jerrett9k@privacy.gov.au,Female
ID00345,Fabien,Kief,fkief9l@biblegateway.com,Male
ID00346,Kassey,Devigne,kdevigne9m@scribd.com,Female
ID00347,Chane,Sambedge,csambedge9n@va.gov,Male
ID00348,Erhard,Meere,emeere9o@salon.com,Male
ID00349,Welch,Sodor,wsodor9p@geocities.jp,Male
ID00350,Noam,Ganing,nganing9q@aboutads.info,Male
ID00351,Mattie,Holliar,mholliar9r@hatena.ne.jp,Female
ID00352,Kelsi,Rowter,krowter9s@ebay.co.uk,Female
ID00353,Karoly,Washtell,kwashtell9t@aol.com,Female
ID00354,Marcello,Downie,mdownie9u@stanford.edu,Male
ID00355,Reid,Ryles,rryles9v@mysql.com,Male
ID00356,Hally,Chasemore,hchasemore9w@addthis.com,Female
ID00357,Jerome,Linder,jlinder9x@google.com.hk,Male
ID00358,Joanie,Twinbrow,jtwinbrow9y@flavors.me,Female
ID00359,Benito,Clift,bclift9z@nbcnews.com,Male
ID00360,Andy,Le feuvre,alefeuvrea0@alibaba.com,Female
ID00361,Tan,Howerd,thowerda1@squarespace.com,Male
ID00362,Delinda,Colby,dcolbya2@parallels.com,Female
ID00363,Al,Wykey,awykeya3@desdev.cn,Male
ID00364,Faulkner,Hardinge,fhardingea4@rambler.ru,Male
ID00365,Elyn,Edmett,eedmetta5@pagesperso-orange.fr,Female
ID00366,Orlan,Cornbell,ocornbella6@rambler.ru,Male
ID00367,Gabbi,Haversham,ghavershama7@woothemes.com,Female
ID00368,Amble,Thomann,athomanna8@bloomberg.com,Male
ID00369,Mikol,Shergold,mshergolda9@ihg.com,Male
ID00370,Whitman,Bigadike,wbigadikeaa@mashable.com,Male
ID00371,Veradis,Mc Meekin,vmcmeekinab@weebly.com,Female
ID00372,Rochelle,Samuels,rsamuelsac@discovery.com,Female
ID00373,Marian,Tittletross,mtittletrossad@boston.com,Female
ID00374,Elsbeth,Martinet,emartinetae@example.com,Female
ID00375,Alfy,Wagnerin,awagnerinaf@dedecms.com,Female
ID00376,Nissa,Driutti,ndriuttiag@nps.gov,Female
ID00377,Lesya,Bare,lbareah@behance.net,Female
ID00378,Tommy,Goracci,tgoracciai@arizona.edu,Female
ID00379,Shellie,Seagrove,sseagroveaj@youtube.com,Female
ID00380,Felecia,Pimerick,fpimerickak@aboutads.info,Female
ID00381,Therese,Matousek,tmatousekal@google.nl,Female
ID00382,Jeremias,Yurin,jyurinam@washingtonpost.com,Male
ID00383,Sherm,Wagg,swaggan@yellowpages.com,Male
ID00384,Brock,Dymoke,bdymokeao@sfgate.com,Male
ID00385,Ailbert,Greger,agregerap@edublogs.org,Male
ID00386,Vilma,Deyenhardt,vdeyenhardtaq@nasa.gov,Female
ID00387,Tressa,Durston,tdurstonar@cam.ac.uk,Female
ID00388,Erik,Clynmans,eclynmansas@dedecms.com,Male
ID00389,Marven,Houlridge,mhoulridgeat@histats.com,Male
ID00390,Onfroi,Coggan,ocogganau@skyrock.com,Male
ID00391,Aluin,Putson,aputsonav@bloomberg.com,Male
ID00392,Jeffry,Rosso,jrossoaw@booking.com,Male
ID00393,Zared,Gookey,zgookeyax@etsy.com,Male
ID00394,Carly,Rubee,crubeeay@mysql.com,Female
ID00395,Fanechka,Jakubski,fjakubskiaz@1688.com,Female
ID00396,Mikol,Fairhall,mfairhallb0@webmd.com,Male
ID00397,Valma,Fleeming,vfleemingb1@mlb.com,Female
ID00398,Penn,Philbrook,pphilbrookb2@msu.edu,Male
ID00399,Jeremy,Coltan,jcoltanb3@nasa.gov,Male
ID00400,Keriann,Foyster,kfoysterb4@epa.gov,Female
ID00401,Shani,Gaggen,sgaggenb5@studiopress.com,Female
ID00402,Obediah,Drayn,odraynb6@princeton.edu,Male
ID00403,Rana,Kuller,rkullerb7@sciencedirect.com,Female
ID0040410,Vassili,Lere,vlereb8@nymag.com,Male
ID00405,Elwira,Dyster,edysterb9@dailymotion.com,Female
ID00406,Cully,Trevascus,ctrevascusba@admin.ch,Male
ID00407,Rachael,Moxon,rmoxonbb@joomla.org,Female
ID00408,Philis,Cartmel,pcartmelbc@mac.com,Female
ID00409,Rodie,Fletcher,rfletcherbd@google.fr,Female
ID00410,Demetria,Roseborough,droseboroughbe@virginia.edu,Female
ID00411,Pooh,Treharne,ptreharnebf@miitbeian.gov.cn,Male
ID00412,Rozina,Pirrone,rpirronebg@samsung.com,Female
ID00413,Jillie,Cumberlidge,jcumberlidgebh@lycos.com,Female
ID00414,Gearalt,Pirelli,gpirellibi@miitbeian.gov.cn,Male
ID00415,Abbie,Filipiak,afilipiakbj@godaddy.com,Male
ID00416,Arlen,Coldtart,acoldtartbk@google.cn,Male
ID00417,Roderich,Mander,rmanderbl@time.com,Male
ID00418,Stella,Jupe,sjupebm@zdnet.com,Female
ID00419,Kent,Mullard,kmullardbn@newyorker.com,Male
ID00420,Prentice,Asgodby,pasgodbybo@eventbrite.com,Male
ID00421,Mil,Sharrem,msharrembp@google.com,Female
ID0042240,Mia,Trood,mtroodbq@reverbnation.com,Female
ID00423,Ilysa,Jiruca,ijirucabr@elegantthemes.com,Female
ID00424,Noland,Bugbird,nbugbirdbs@t.co,Male
ID00425,Jozef,Fredi,jfredibt@sogou.com,Male
ID00426,Elnora,Halloway,ehallowaybu@dion.ne.jp,Female
ID00427,Dal,Stapylton,dstapyltonbv@cdc.gov,Male
ID00428,Vinny,Aguirrezabala,vaguirrezabalabw@com.com,Male
ID00429,Neale,Roycroft,nroycroftbx@zdnet.com,Male
ID00430,Brand,Eckersley,beckersleyby@ovh.net,Male
ID00431,Josey,Ascraft,jascraftbz@mediafire.com,Female
ID00432,Benjie,Rominov,brominovc0@woothemes.com,Male
ID00433,Beck,Shanks,bshanksc1@nih.gov,Male
ID00434,Alexei,Hayball,ahayballc2@e-recht24.de,Male
ID00435,Karoly,Constance,kconstancec3@spotify.com,Male
ID00436,Xerxes,McGerraghty,xmcgerraghtyc4@mail.ru,Male
ID00437,Vivienne,Mancer,vmancerc5@craigslist.org,Female
ID00438,Dag,Vose,dvosec6@theglobeandmail.com,Male
ID00439,Clarita,Permain,cpermainc7@oracle.com,Female
ID00440,Geraldine,Sauter,gsauterc8@cnbc.com,Female
ID00441,Russell,Imort,rimortc9@dion.ne.jp,Male
ID00442,Mei,Reynault,mreynaultca@adobe.com,Female
ID00443,Ceciley,Codi,ccodicb@plala.or.jp,Female
ID00444,Otes,Tant,otantcc@woothemes.com,Male
ID00445,Kristien,Matteau,kmatteaucd@flickr.com,Female
ID00446,Krista,Piborn,kpibornce@bizjournals.com,Female
ID00447,Paulie,Corbitt,pcorbittcf@google.it,Male
ID00448,Elbertine,Da Costa,edacostacg@artisteer.com,Female
ID00449,Micheline,Ellams,mellamsch@weebly.com,Female
ID00450,Roley,Beecham,rbeechamci@fotki.com,Male
ID00451,Averyl,Diggin,adiggincj@yahoo.co.jp,Female
ID00452,Bat,Theaker,btheakerck@sina.com.cn,Male
ID00453,Matthieu,Loch,mlochcl@patch.com,Male
ID00454,Griffith,Hutten,ghuttencm@lycos.com,Male
ID00455,Joey,Toope,jtoopecn@tuttocitta.it,Male
ID00456,Marylee,Lademann,mlademannco@odnoklassniki.ru,Female
ID00457,Cassandry,McIlmurray,cmcilmurraycp@amazon.de,Female
ID00458,Michele,Smyth,msmythcq@sbwire.com,Male
ID00459,Melissa,Risebarer,mrisebarercr@cnbc.com,Female
ID00460,Wallas,Wannop,wwannopcs@tumblr.com,Male
ID00461,Lyn,Woolveridge,lwoolveridgect@163.com,Female
ID00462,Melody,Whapples,mwhapplescu@hhs.gov,Female
ID00463,Danny,Shoveller,dshovellercv@altervista.org,Male
ID00464,Lay,Mulchrone,lmulchronecw@purevolume.com,Male
ID00465,Llywellyn,Flacknoe,lflacknoecx@nyu.edu,Male
ID00466,Erasmus,Tropman,etropmancy@google.nl,Male
ID00467,Marve,Hawkyens,mhawkyenscz@google.co.uk,Male
ID00468,Charmian,Handover,chandoverd0@yellowpages.com,Female
ID00469,Georgette,Le Lievre,glelievred1@wsj.com,Female
ID00470,Rianon,Bullivent,rbulliventd2@cam.ac.uk,Female
ID00471,Blair,De Cleen,bdecleend3@macromedia.com,Female
ID00472,Colene,Brum,cbrumd4@hud.gov,Female
ID00473,Dasha,O'Moylane,domoylaned5@wp.com,Female
ID00474,Yorgos,Devanny,ydevannyd6@cyberchimps.com,Male
ID00475,Inness,Leblanc,ileblancd7@delicious.com,Male
ID00476,Leann,Gilman,lgilmand8@lulu.com,Female
ID00477,Liza,Antoszewski,lantoszewskid9@cpanel.net,Female
ID00478,Eric,Jeandeau,ejeandeauda@oaic.gov.au,Male
ID00479,Ervin,Antcliffe,eantcliffedb@g.co,Male
ID00480,Ashil,Cossell,acosselldc@eventbrite.com,Female
ID00481,Renaldo,Gauld,rgaulddd@storify.com,Male
ID00482,Kahaleel,Friedlos,kfriedlosde@github.com,Male
ID00483,Aluin,Weitzel,aweitzeldf@miibeian.gov.cn,Male
ID00484,Stinky,Day,sdaydg@drupal.org,Male
ID00485,Filberto,Filipczak,ffilipczakdh@prnewswire.com,Male
ID00486,Danni,Alcorn,dalcorndi@friendfeed.com,Female
ID00487,Stevy,Bumpass,sbumpassdj@arizona.edu,Male
ID00488,Lorin,Rance,lrancedk@bloglovin.com,Male
ID00489,Meta,Andrassy,mandrassydl@sogou.com,Female
ID00490,Drusilla,Mc Kellen,dmckellendm@bloomberg.com,Female
ID00491,Cliff,Morant,cmorantdn@joomla.org,Male
ID00492,Jordon,Thomazet,jthomazetdo@ocn.ne.jp,Male
ID00493,Burton,Burbury,bburburydp@marriott.com,Male
ID00494,Kassi,Faraday,kfaradaydq@marriott.com,Female
ID00495,Maurie,Narramor,mnarramordr@umn.edu,Male
ID00496,Ariadne,Jeckells,ajeckellsds@yahoo.co.jp,Female
ID00497,Connor,Kall,ckalldt@biblegateway.com,Male
ID00498,Frederica,Mochan,fmochandu@hugedomains.com,Female
ID00499,Josy,Thomton,jthomtondv@github.io,Female
ID00500,Rodolphe,Withrington,rwithringtondw@canalblog.com,Male
ID00501,Lucinda,Paulillo,lpaulillodx@abc.net.au,Female
ID00502,Yoko,Dallas,ydallasdy@fc2.com,Female
ID00503,Joete,Coulthurst,jcoulthurstdz@storify.com,Female
ID00504,Lonni,Cunney,lcunneye0@lycos.com,Female
ID0050565,Phillipe,Foss,pfosse1@joomla.org,Male
ID00506,Kittie,Chorlton,kchorltone2@miibeian.gov.cn,Female
ID00507,Lynde,Armitt,larmitte3@cpanel.net,Female
ID00508,Hall,Manning,hmanninge4@bloglovin.com,Male
ID00509,Bernetta,Klehn,bklehne5@infoseek.co.jp,Female
ID00510,Engelbert,Bengochea,ebengocheae6@google.co.uk,Male
ID00511,Vernice,Thompson,vthompsone7@360.cn,Female
ID00512,Cissiee,Attridge,cattridgee8@jiathis.com,Female
ID00513,Roxanna,Iacivelli,riacivellie9@go.com,Female
ID00514,Jillene,Edington,jedingtonea@washington.edu,Female
ID00515,Rowan,Wahlberg,rwahlbergeb@usda.gov,Male
ID00516,Maurise,Pasquale,mpasqualeec@feedburner.com,Female
ID00517,Willa,Guidetti,wguidettied@timesonline.co.uk,Female
ID00518,Thorny,Record,trecordee@squidoo.com,Male
ID00519,Rebekah,Meneely,rmeneelyef@hp.com,Female
ID00520,Pearle,Nabarro,pnabarroeg@dailymotion.com,Female
ID00521,Rhett,Dobing,rdobingeh@tamu.edu,Male
ID00522,Chrisse,Thirst,cthirstei@altervista.org,Male
ID0052387,Lloyd,Summerhayes,lsummerhayesej@amazonaws.com,Male
ID00524,Xenos,Simenel,xsimenelek@people.com.cn,Male
ID00525,Merrick,Booy,mbooyel@wordpress.org,Male
ID00526,Eldredge,Le Floch,eleflochem@mashable.com,Male
ID00527,Damita,Damant,ddamanten@who.int,Female
ID00528,Rosalyn,Loveguard,rloveguardeo@cisco.com,Female
ID00529,Ursuline,Fawley,ufawleyep@wikipedia.org,Female
ID00530,Petrina,Grunwall,pgrunwalleq@hhs.gov,Female
ID00531,Madelene,Kesby,mkesbyer@aol.com,Female
ID00532,Jim,Hamley,jhamleyes@theguardian.com,Male
ID00533,Elsi,Tinline,etinlineet@businesswire.com,Female
ID00534,Haley,Ricardo,hricardoeu@archive.org,Female
ID00535,Rochette,Deegan,rdeeganev@craigslist.org,Female
ID00536,Ranna,Renahan,rrenahanew@tmall.com,Female
ID00537,Stevena,Camilleri,scamilleriex@surveymonkey.com,Female
ID00538,Moyra,Divers,mdiversey@ebay.com,Female
ID00539,David,Kirlin,dkirlinez@cbslocal.com,Male
ID00540,Cybill,Speerman,cspeermanf0@ebay.com,Female
ID00541,Sanders,Wishkar,swishkarf1@ycombinator.com,Male
ID00542,Egan,Blasgen,eblasgenf2@networkadvertising.org,Male
ID00543,Nanete,Gouth,ngouthf3@tinyurl.com,Female
ID00544,Agatha,Gillebride,agillebridef4@nih.gov,Female
ID00545,Elysee,Recher,erecherf5@shutterfly.com,Female
ID00546,Ravi,Mauchline,rmauchlinef6@umich.edu,Male
ID00547,Nyssa,Swinerd,nswinerdf7@cornell.edu,Female
ID00548,Lauritz,Abbatucci,labbatuccif8@tripod.com,Male
ID00549,Bram,Calcut,bcalcutf9@mtv.com,Male
ID00550,Thaxter,Moubray,tmoubrayfa@ucla.edu,Male
ID00551,Igor,Gionettitti,igionettittifb@eepurl.com,Male
ID00552,Harriot,Yendle,hyendlefc@addtoany.com,Female
ID00553,Livvy,Klimsch,lklimschfd@wordpress.com,Female
ID00554,Aurie,Painter,apainterfe@domainmarket.com,Female
ID00555,Barty,Brychan,bbrychanff@nydailynews.com,Male
ID00556,Balduin,Boldt,bboldtfg@ucoz.com,Male
ID00557,Delores,Picopp,dpicoppfh@samsung.com,Female
ID00558,Jamie,Peron,jperonfi@twitter.com,Female
ID00559,Windy,Corzon,wcorzonfj@taobao.com,Female
ID00560,Anica,Baugh,abaughfk@bing.com,Female
ID00561,Sarena,Baniard,sbaniardfl@apple.com,Female
ID00562,Mella,Walesby,mwalesbyfm@ameblo.jp,Female
ID00563,Kingsley,Pickthorn,kpickthornfn@timesonline.co.uk,Male
ID00564,Mira,Tatlow,mtatlowfo@elpais.com,Female
ID00565,Hamil,Proughten,hproughtenfp@cam.ac.uk,Male
ID00566,Guntar,Harrigan,gharriganfq@aol.com,Male
ID00567,Lana,Dulwitch,ldulwitchfr@nationalgeographic.com,Female
ID00568,Avril,Archard,aarchardfs@free.fr,Female
ID00569,Darcy,Larkin,dlarkinft@amazonaws.com,Male
ID00570,Martainn,Bouchier,mbouchierfu@privacy.gov.au,Male
ID00571,Ange,Philipeaux,aphilipeauxfv@vk.com,Male
ID00572,Arlana,Alesio,aalesiofw@live.com,Female
ID00573,Moselle,Foot,mfootfx@geocities.com,Female
ID00574,Janella,Braycotton,jbraycottonfy@cisco.com,Female
ID00575,Gussi,Cleaton,gcleatonfz@fda.gov,Female
ID00576,Arney,Andrys,aandrysg0@bloomberg.com,Male
ID00577,Thia,Sumbler,tsumblerg1@amazon.co.uk,Female
ID00578,Pavel,Dickinson,pdickinsong2@hp.com,Male
ID00579,Lief,McCrainor,lmccrainorg3@marriott.com,Male
ID00580,Akim,Woollett,awoollettg4@delicious.com,Male
ID00581,Shaine,MacAdam,smacadamg5@hibu.com,Male
ID00582,Ned,Gleeson,ngleesong6@amazon.de,Male
ID00583,Veronique,Cazalet,vcazaletg7@amazonaws.com,Female
ID00584,Rosalinda,Heggman,rheggmang8@statcounter.com,Female
ID00585,Gordie,Cranmore,gcranmoreg9@nasa.gov,Male
ID00586,Carlita,Stork,cstorkga@dmoz.org,Female
ID00587,Nancey,Teaser,nteasergb@com.com,Female
ID00588,Sloan,Houseman,shousemangc@sogou.com,Male
ID00589,Willie,Creedland,wcreedlandgd@prlog.org,Male
ID00590,Dew,Jerred,djerredge@washingtonpost.com,Male
ID00591,Michal,Woofendell,mwoofendellgf@alexa.com,Male
ID00592,Didi,Drewery,ddrewerygg@narod.ru,Female
ID00593,Sargent,Panchin,spanchingh@slate.com,Male
ID00594,Kandace,Yarnley,kyarnleygi@cbc.ca,Female
ID00595,Laurent,Ramsted,lramstedgj@aol.com,Male
ID00596,Catarina,Cramphorn,ccramphorngk@va.gov,Female
ID00597,Herbert,Buy,hbuygl@examiner.com,Male
ID00598,Peri,Fitchew,pfitchewgm@google.fr,Female
ID00599,Tobit,Zavattieri,tzavattierign@fastcompany.com,Male
ID00600,Dael,Roalfe,droalfego@feedburner.com,Female
ID00601,Bea,Bonome,bbonomegp@admin.ch,Female
ID00602,Drusie,Wagen,dwagengq@people.com.cn,Female
ID00603,Web,Scemp,wscempgr@newsvine.com,Male
ID00604,Anders,Goodere,agooderegs@nymag.com,Male
ID00605,Sherill,Tommaseo,stommaseogt@ask.com,Female
ID00606,Ezequiel,Pilipyak,epilipyakgu@wiley.com,Male
ID00607,Doloritas,Sizey,dsizeygv@reference.com,Female
ID00608,Stormi,Roistone,sroistonegw@google.co.jp,Female
ID00609,Garold,Blowers,gblowersgx@newyorker.com,Male
ID00610,Edlin,Hurton,ehurtongy@rediff.com,Male
ID00611,Michael,Mackinder,mmackindergz@virginia.edu,Male
ID00612,Guido,Lanfranchi,glanfranchih0@freewebs.com,Male
ID00613,Donielle,Fitzroy,dfitzroyh1@webs.com,Female
ID00614,Ferdinanda,Vasilmanov,fvasilmanovh2@is.gd,Female
ID00615,Turner,Walak,twalakh3@discovery.com,Male
ID00616,Lurette,Cutsforth,lcutsforthh4@exblog.jp,Female
ID00617,Benny,Dawtrey,bdawtreyh5@japanpost.jp,Male
ID00618,Rosamond,Castlake,rcastlakeh6@dailymail.co.uk,Female
ID00619,Jethro,Brunsen,jbrunsenh7@japanpost.jp,Male
ID00620,Lizabeth,St Quenin,lstqueninh8@smugmug.com,Female
ID00621,Francis,Philp,fphilph9@wisc.edu,Male
ID00622,Haskel,Lapides,hlapidesha@china.com.cn,Male
ID00623,Ronnie,Tollow,rtollowhb@wiley.com,Female
ID00624,Robinetta,Mollene,rmollenehc@whitehouse.gov,Female
ID00625,Emmet,Dudny,edudnyhd@google.pl,Male
ID00626,Karim,Burnand,kburnandhe@yahoo.com,Male
ID00627,Allie,Coade,acoadehf@pagesperso-orange.fr,Male
ID00628,Marlin,Lumber,mlumberhg@csmonitor.com,Male
ID00629,Isadora,Conroy,iconroyhh@independent.co.uk,Female
ID00630,Urbanus,Filppetti,ufilppettihi@hostgator.com,Male
ID00631,Elnar,Odom,eodomhj@spiegel.de,Male
ID00632,Reba,Covet,rcovethk@dot.gov,Female
ID00633,Cassandre,Trowill,ctrowillhl@oaic.gov.au,Female
ID00634,Homerus,McErlaine,hmcerlainehm@jimdo.com,Male
ID00635,Brennen,Cornner,bcornnerhn@thetimes.co.uk,Male
ID00636,Wait,Bellew,wbellewho@bloglovin.com,Male
ID00637,Ernestus,Matthewson,ematthewsonhp@ustream.tv,Male
ID00638,Kikelia,Scadding,kscaddinghq@go.com,Female
ID00639,Gamaliel,Mainland,gmainlandhr@ovh.net,Male
ID00640,Ursa,Wrotham,uwrothamhs@google.ru,Female
ID00641,Erna,Vesque,evesqueht@vk.com,Female
ID00642,Paulo,Hallin,phallinhu@patch.com,Male
ID00643,Marcile,Pankhurst.,mpankhursthv@vinaora.com,Female
ID00644,Constantine,Fairhead,cfairheadhw@liveinternet.ru,Male
ID00645,Templeton,Libby,tlibbyhx@tripadvisor.com,Male
ID00646,Breanne,Tabary,btabaryhy@google.co.uk,Female
ID00647,Jodi,Bondar,jbondarhz@hao123.com,Male
ID00648,Ddene,Siemianowicz,dsiemianowiczi0@bbc.co.uk,Female
ID00649,Leta,Jowett,ljowetti1@acquirethisname.com,Female
ID00650,Esra,Waltering,ewalteringi2@networkadvertising.org,Male
ID00651,Katie,Hartburn,khartburni3@irs.gov,Female
ID00652,Jere,McCormack,jmccormacki4@wordpress.org,Male
ID00653,Cairistiona,Sommerly,csommerlyi5@ucsd.edu,Female
ID00654,Arlene,Delgado,adelgadoi6@loc.gov,Female
ID00655,Kean,Stenner,kstenneri7@bloomberg.com,Male
ID00656,Raff,Ingraham,ringrahami8@pcworld.com,Male
ID00657,Bridie,Checchi,bchecchii9@blinklist.com,Female
ID00658,Tallie,Rowth,trowthia@arizona.edu,Male
ID00659,Shae,Brason,sbrasonib@dell.com,Female
ID00660,Tildie,Weed,tweedic@rediff.com,Female
ID00661,Gabbey,Shoobridge,gshoobridgeid@amazonaws.com,Female
ID00662,Paulina,Maffi,pmaffiie@blogs.com,Female
ID00663,Lawry,Kenney,lkenneyif@harvard.edu,Male
ID00664,Ramona,Crudgington,rcrudgingtonig@bluehost.com,Female
ID00665,Lynnet,Orteu,lorteuih@addtoany.com,Female
ID00666,Jerrome,Holton,jholtonii@merriam-webster.com,Male
ID00667,Shelagh,MacAless,smacalessij@va.gov,Female
ID00668,Orin,Cregin,ocreginik@sohu.com,Male
ID00669,Hadlee,Pavlasek,hpavlasekil@google.ru,Male
ID00670,Julianna,Vooght,jvooghtim@shareasale.com,Female
ID00671,Dalis,Georgievski,dgeorgievskiin@google.co.uk,Male
ID00672,Gaylor,Silversmid,gsilversmidio@mysql.com,Male
ID00673,Patricia,Goldson,pgoldsonip@ocn.ne.jp,Female
ID00674,Colleen,Blenkin,cblenkiniq@un.org,Female
ID00675,Maurene,Harbar,mharbarir@reverbnation.com,Female
ID00676,Cristi,Lindenboim,clindenboimis@fotki.com,Female
ID00677,Domingo,Esposi,desposiit@microsoft.com,Male
ID00678,Kinsley,Huckell,khuckelliu@taobao.com,Male
ID00679,Prentiss,Bohlens,pbohlensiv@liveinternet.ru,Male
ID00680,Townsend,Boughton,tboughtoniw@vk.com,Male
ID00681,Even,Calbert,ecalbertix@arstechnica.com,Male
ID0068286,Birdie,Denne,bdenneiy@feedburner.com,Female
ID00683,Claudius,Blooman,cbloomaniz@archive.org,Male
ID00684,Leon,Dizlie,ldizliej0@cbslocal.com,Male
ID00685,Tricia,Rosengren,trosengrenj1@prlog.org,Female
ID00686,Emily,Breeds,ebreedsj2@imgur.com,Female
ID00687,Anatola,Nairy,anairyj3@ezinearticles.com,Female
ID00688,Lynnelle,Rosenau,lrosenauj4@blogspot.com,Female
ID00689,Jordanna,Fellowes,jfellowesj5@yolasite.com,Female
ID00690,Fields,Stephens,fstephensj6@myspace.com,Male
ID00691,Pietro,Snodden,psnoddenj7@chicagotribune.com,Male
ID00692,Paulina,Hobden,phobdenj8@aboutads.info,Female
ID00693,Krissy,Eslemont,keslemontj9@wikipedia.org,Female
ID00694,Freddie,Boddy,fboddyja@prweb.com,Male
ID00695,Zorana,Durand,zdurandjb@google.com,Female
ID00696,Ingaberg,Sweeny,isweenyjc@abc.net.au,Female
ID00697,Augustus,Thomas,athomasjd@timesonline.co.uk,Male
ID00698,Burty,Halloran,bhalloranje@issuu.com,Male
ID00699,Reilly,MacLaig,rmaclaigjf@youku.com,Male
ID00700,Truda,Revett,trevettjg@guardian.co.uk,Female
ID00701,Ernie,Henrie,ehenriejh@reverbnation.com,Male
ID00702,Theodor,Waddy,twaddyji@wordpress.com,Male
ID00703,Rafaellle,Cruce,rcrucejj@comcast.net,Male
ID00704,Jacquie,Brundell,jbrundelljk@slashdot.org,Female
ID00705,Neille,Guerry,nguerryjl@blogtalkradio.com,Female
ID00706,Jule,Wibrew,jwibrewjm@answers.com,Male
ID00707,Marje,Padkin,mpadkinjn@nymag.com,Female
ID00708,Erda,Bettam,ebettamjo@un.org,Female
ID00709,Hersh,Byart,hbyartjp@pinterest.com,Male
ID00710,Lem,Charopen,lcharopenjq@icio.us,Male
ID00711,Jaquith,Concannon,jconcannonjr@simplemachines.org,Female
ID00712,Caron,Frodsham,cfrodshamjs@webs.com,Female
ID00713,Merci,Powley,mpowleyjt@cornell.edu,Female
ID00714,Elyse,Spinas,espinasju@spotify.com,Female
ID00715,Enid,McNern,emcnernjv@psu.edu,Female
PD00716,Kathlin,Hiom,khiomjw@drupal.org,Female
ID00717,Corly,Coulson,ccoulsonjx@opensource.org,Female
ID00718,Vivi,McCoveney,vmccoveneyjy@wordpress.com,Female
ID00719,Rickard,Escudier,rescudierjz@hibu.com,Male
ID00720,Justina,Vanyakin,jvanyakink0@google.it,Female
ID00721,Melina,Toner,mtonerk1@dagondesign.com,Female
ID00722,Tod,Hunt,thuntk2@skype.com,Male
ID00723,Marissa,Tumbridge,mtumbridgek3@hao123.com,Female
ID00724,Andie,Ginni,aginnik4@paginegialle.it,Male
ID00725,Wilone,Aysh,wayshk5@google.ca,Female
ID00726,Fanchette,Bligh,fblighk6@howstuffworks.com,Female
ID00727,Freddie,Cringle,fcringlek7@epa.gov,Female
ID00728,Bernelle,Reneke,brenekek8@mozilla.com,Female
ID00729,Francis,Lyffe,flyffek9@webs.com,Male
ID00730,Julius,Louche,jloucheka@hubpages.com,Male
ID00731,Dewain,Montacute,dmontacutekb@abc.net.au,Male
ID00732,Amber,Dillon,adillonkc@usa.gov,Female
ID00733,Adler,Nicholl,anichollkd@va.gov,Male
ID00734,Mano,Stapleford,mstaplefordke@mtv.com,Male
ID00735,Lesly,Eyckelbeck,leyckelbeckkf@aol.com,Female
ID00736,Georgeta,Ambage,gambagekg@fastcompany.com,Female
ID00737,Walt,Giaomozzo,wgiaomozzokh@fc2.com,Male
ID00738,Marina,Charity,mcharityki@istockphoto.com,Female
ID00739,Ferne,Dean,fdeankj@shutterfly.com,Female
ID00740,Harlan,O' Hogan,hohogankk@g.co,Male
ID00741,Al,Henrot,ahenrotkl@uol.com.br,Male
ID00742,Milzie,Emsley,memsleykm@reddit.com,Female
ID00743,Feodora,Harvey,fharveykn@indiegogo.com,Female
ID00744,Camille,Machel,cmachelko@homestead.com,Female
ID00745,Elbertine,Pavier,epavierkp@flickr.com,Female
ID00746,Winifield,Bakhrushin,wbakhrushinkq@ox.ac.uk,Male
ID00747,Violante,Cookley,vcookleykr@irs.gov,Female
ID00748,Yurik,Ivel,yivelks@prlog.org,Male
ID00749,Fanchon,Lucock,flucockkt@woothemes.com,Female
ID00750,Sandie,Feldmesser,sfeldmesserku@guardian.co.uk,Female
ID00751,Annadiana,Davisson,adavissonkv@berkeley.edu,Female
ID00752,Bartram,Blaydon,bblaydonkw@bluehost.com,Male
ID00753,Ernest,Cutforth,ecutforthkx@storify.com,Male
ID00754,Fransisco,Petrescu,fpetrescuky@posterous.com,Male
ID00755,Kasper,Treves,ktreveskz@cnn.com,Male
ID00756,Ibby,Soltan,isoltanl0@feedburner.com,Female
ID00757,Gill,Kenwin,gkenwinl1@hao123.com,Female
ID00758,Euell,Camell,ecamelll2@kickstarter.com,Male
ID00759,Barny,Buckerfield,bbuckerfieldl3@home.pl,Male
ID00760,Rafferty,Feldharker,rfeldharkerl4@omniture.com,Male
ID00761,Barnabas,Barlow,bbarlowl5@sakura.ne.jp,Male
ID00762,Dannie,Giffon,dgiffonl6@vk.com,Male
ID00763,Aile,Addy,aaddyl7@mapy.cz,Female
ID00764,Fidela,Semrad,fsemradl8@usda.gov,Female
ID00765,Rozella,Posten,rpostenl9@wordpress.com,Female
ID00766,Franklin,Eadon,feadonla@fc2.com,Male
ID00767,Alethea,Jiran,ajiranlb@jimdo.com,Female
ID00768,Gery,Tribbeck,gtribbecklc@webnode.com,Male
ID00769,Marietta,Springell,mspringellld@weebly.com,Male
ID00770,Mead,Coleson,mcolesonle@fastcompany.com,Male
ID00771,Zane,Pepineaux,zpepineauxlf@goo.gl,Male
ID00772,Daniele,Gannon,dgannonlg@gizmodo.com,Female
ID00773,Cobb,Seniour,cseniourlh@businesswire.com,Male
ID00774,Chilton,Gepp,cgeppli@google.ca,Male
ID00775,Lemar,Lowrey,llowreylj@spotify.com,Male
ID00776,Bendite,Dober,bdoberlk@springer.com,Female
ID00777,Amie,Groucock,agroucockll@sakura.ne.jp,Female
ID00778,Rozalie,Maryan,rmaryanlm@ebay.com,Female
ID00779,Addy,Kime,akimeln@squarespace.com,Female
ID00780,Lindsey,Giovannardi,lgiovannardilo@goo.ne.jp,Female
ID00781,Jeromy,Haythorn,jhaythornlp@etsy.com,Male
ID00782,Desmund,Gonzalo,dgonzalolq@furl.net,Male
ID00783,Edythe,Lorkin,elorkinlr@auda.org.au,Female
ID00784,Nevil,Toyer,ntoyerls@goodreads.com,Male
ID00785,Lucia,Girth,lgirthlt@home.pl,Female
ID00786,Janeta,Titchen,jtitchenlu@about.me,Female
ID00787,Gardner,Riggeard,griggeardlv@google.nl,Male
ID00788,Teriann,Trehearn,ttrehearnlw@vistaprint.com,Female
ID00789,Dermot,Corston,dcorstonlx@mapy.cz,Male
ID00790,Tris,Deuss,tdeussly@webeden.co.uk,Male
ID00791,Lezlie,Di Bernardo,ldibernardolz@abc.net.au,Female
ID00792,Westbrook,Schwandermann,wschwandermannm0@usnews.com,Male
ID00793,Hal,Vida,hvidam1@cpanel.net,Male
ID00794,Kerby,Rugg,kruggm2@oakley.com,Male
ID00795,Thekla,Walbrook,twalbrookm3@xing.com,Female
ID00796,Steffie,Mundy,smundym4@nytimes.com,Female
ID0079752,Traver,Lawry,tlawrym5@google.de,Male
ID00798,Murdoch,Riha,mriham6@seattletimes.com,Male
ID00799,Thoma,Parr,tparrm7@virginia.edu,Male
ID00800,Sidnee,Veldstra,sveldstram8@nbcnews.com,Male
ID00801,Norbert,Giannassi,ngiannassim9@dmoz.org,Male
ID00802,Elsbeth,Penhall,epenhallma@cornell.edu,Female
ID00803,Trevor,Kinneally,tkinneallymb@meetup.com,Male
ID00804,Sophey,Ciottoi,sciottoimc@alibaba.com,Female
ID00805,Ignacio,Walcher,iwalchermd@cnn.com,Male
ID00806,Sherill,Feighney,sfeighneyme@geocities.com,Female
ID00807,Dayle,Haire,dhairemf@trellian.com,Female
ID00808,Hazel,Burkin,hburkinmg@ow.ly,Male
ID00809,Benedetto,Shuttleworth,bshuttleworthmh@freewebs.com,Male
ID00810,Gabie,Donan,gdonanmi@multiply.com,Male
ID00811,Kariotta,Graffin,kgraffinmj@dropbox.com,Female
ID00812,Arley,Djorvic,adjorvicmk@51.la,Male
ID00813,Valene,Hugonet,vhugonetml@nhs.uk,Female
ID00814,Phaedra,Jacquemot,pjacquemotmm@youtube.com,Female
ID00815,Valeda,Skiggs,vskiggsmn@prlog.org,Female
ID00816,Asia,Marieton,amarietonmo@yolasite.com,Female
ID00817,Halley,Feary,hfearymp@howstuffworks.com,Female
ID00818,Lorraine,Vasyukhin,lvasyukhinmq@irs.gov,Female
ID00819,Eugen,Kohnert,ekohnertmr@sfgate.com,Male
ID00820,Bent,Coushe,bcoushems@biglobe.ne.jp,Male
ID00821,Harv,Omar,homarmt@blogtalkradio.com,Male
ID00822,Zarah,Cardon,zcardonmu@twitpic.com,Female
ID00823,Hammad,Antoniewski,hantoniewskimv@nature.com,Male
ID00824,Fredericka,Jacson,fjacsonmw@cdbaby.com,Female
ID00825,Rosalia,Jennings,rjenningsmx@google.pl,Female
ID00826,Filia,Cowton,fcowtonmy@aboutads.info,Female
ID00827,Rockey,Franzel,rfranzelmz@house.gov,Male
ID00828,Halsy,Jendricke,hjendricken0@latimes.com,Male
ID00829,Sena,Wilman,swilmann1@last.fm,Female
ID00830,Rozele,Thornthwaite,rthornthwaiten2@army.mil,Female
ID00831,Caren,Saddleton,csaddletonn3@toplist.cz,Female
ID00832,Che,Snoddin,csnoddinn4@slashdot.org,Male
ID00833,Tilda,Riccardi,triccardin5@bandcamp.com,Female
ID00834,Erika,Schiefersten,eschieferstenn6@elpais.com,Female
ID00835,Wanids,Stansby,wstansbyn7@networkadvertising.org,Female
ID00836,Hannie,Rudeforth,hrudeforthn8@icio.us,Female
ID00837,Lilas,Cattlow,lcattlown9@nps.gov,Female
ID00838,Mendie,Giannoni,mgiannonina@discuz.net,Male
ID00839,Lynett,Winborn,lwinbornnb@timesonline.co.uk,Female
ID00840,Reinwald,Kupper,rkuppernc@latimes.com,Male
ID00841,Arvy,Olpin,aolpinnd@archive.org,Male
ID00842,Issy,Josselson,ijosselsonne@sina.com.cn,Female
ID00843,Alverta,Jakubovski,ajakubovskinf@angelfire.com,Female
ID00844,Rowney,Finby,rfinbyng@github.com,Male
ID00845,Killian,Tarquini,ktarquininh@drupal.org,Male
ID00846,Ludovika,Froude,lfroudeni@dailymotion.com,Female
ID00847,Carl,Soan,csoannj@chicagotribune.com,Male
ID00848,Bink,Doutch,bdoutchnk@cocolog-nifty.com,Male
ID0084935,Elwira,Dove,edovenl@cafepress.com,Female
ID00850,Gregg,Swanwick,gswanwicknm@admin.ch,Male
ID00851,Deva,Marner,dmarnernn@amazon.co.jp,Female
ID00852,Dugald,Stennine,dstennineno@cornell.edu,Male
ID00853,Shepard,Rathe,srathenp@nih.gov,Male
ID00854,Emlen,Bellanger,ebellangernq@taobao.com,Male
ID00855,Cyril,Heckner,checknernr@google.com.br,Male
ID00856,Dennison,Coatman,dcoatmanns@last.fm,Male
ID00857,Flora,Pittham,fpitthamnt@gizmodo.com,Female
ID00858,Kerk,Joseff,kjoseffnu@w3.org,Male
ID00859,Kermit,Kiera,kkieranv@amazon.co.uk,Male
ID00860,Ricardo,Matus,rmatusnw@irs.gov,Male
ID00861,Christophe,Silley,csilleynx@slashdot.org,Male
ID00862,Petrina,Philippou,pphilippouny@dagondesign.com,Female
ID00863,Nissie,Stitle,nstitlenz@oracle.com,Female
ID00864,Hillel,Gouley,hgouleyo0@fastcompany.com,Male
ID00865,Andy,Weymouth,aweymoutho1@cocolog-nifty.com,Female
ID00866,Allys,Matzl,amatzlo2@google.co.jp,Female
ID00867,Findlay,Essam,fessamo3@nps.gov,Male
ID00868,Ferrell,Longthorn,flongthorno4@unblog.fr,Male
ID00869,Karlik,Flegg,kfleggo5@chicagotribune.com,Male
ID00870,Davidson,Marking,dmarkingo6@tinypic.com,Male
ID00871,Urbain,Woodburne,uwoodburneo7@mac.com,Male
ID00872,Marcelle,Golley,mgolleyo8@japanpost.jp,Female
ID00873,Fonsie,Chantree,fchantreeo9@reverbnation.com,Male
ID00874,Waverly,Gormally,wgormallyoa@google.cn,Male
ID00875,Noami,Phillcox,nphillcoxob@apache.org,Female
ID00876,Howey,Charlick,hcharlickoc@phpbb.com,Male
ID00877,Stefanie,Peres,speresod@blogs.com,Female
ID00878,Waldo,Kobke,wkobkeoe@woothemes.com,Male
ID00879,Henrieta,Szubert,hszubertof@china.com.cn,Female
ID00880,Olly,Vallery,ovalleryog@sourceforge.net,Male
ID00881,Shaw,Pimmocke,spimmockeoh@mail.ru,Male
ID00882,Yuma,Mazzey,ymazzeyoi@pcworld.com,Male
ID00883,Rube,Lark,rlarkoj@bbb.org,Male
ID00884,Dominica,Ley,dleyok@dell.com,Female
ID00885,Anabal,Dilleway,adillewayol@1und1.de,Female
ID00886,Pearline,Prettejohns,pprettejohnsom@jigsy.com,Female
ID00887,Worth,Gott,wgotton@cbc.ca,Male
ID00888,Shep,Plail,splailoo@businessweek.com,Male
ID00889,Sophey,Kiledal,skiledalop@moonfruit.com,Female
ID00890,Sonnie,Rolley,srolleyoq@ted.com,Male
ID00891,Bar,Rapelli,brapellior@biblegateway.com,Male
ID00892,Yvor,Ions,yionsos@uol.com.br,Male
ID00893,Shena,Roark,sroarkot@addthis.com,Female
ID00894,Bruce,Jerrams,bjerramsou@uiuc.edu,Male
ID00895,Evangelia,Yarwood,eyarwoodov@imgur.com,Female
ID00896,Aimil,Glendza,aglendzaow@php.net,Female
ID00897,Adriane,Wederell,awederellox@pen.io,Female
ID00898,Minny,Hause,mhauseoy@ibm.com,Female
ID00899,Amata,Rustadge,arustadgeoz@walmart.com,Female
ID00900,Kassie,Fillgate,kfillgatep0@pcworld.com,Female
ID00901,Fabian,Danslow,fdanslowp1@com.com,Male
ID00902,Trey,Soppit,tsoppitp2@reddit.com,Male
ID00903,Dukey,Amdohr,damdohrp3@homestead.com,Male
ID00904,Minor,Monshall,mmonshallp4@google.ca,Male
ID00905,Jerrold,Long,jlongp5@wikipedia.org,Male
ID00906,Ryun,Mitten,rmittenp6@craigslist.org,Male
ID00907,Kort,Meekings,kmeekingsp7@drupal.org,Male
ID00908,Marya,Bragger,mbraggerp8@constantcontact.com,Female
ID00909,Budd,Knowlden,bknowldenp9@usda.gov,Male
ID00910,Gustave,Yerby,gyerbypa@naver.com,Male
ID00911,Patrizia,Horlock,phorlockpb@nps.gov,Female
ID00912,Natasha,Cotilard,ncotilardpc@economist.com,Female
ID00913,Pooh,Espinho,pespinhopd@posterous.com,Female
ID00914,Ginger,Garbar,ggarbarpe@theatlantic.com,Male
ID00915,Blanch,Panons,bpanonspf@sitemeter.com,Female
ID00916,Silva,Merrifield,smerrifieldpg@illinois.edu,Female
ID00917,Ingemar,Kavanagh,ikavanaghph@e-recht24.de,Male
ID00918,Bette-ann,Arrington,barringtonpi@foxnews.com,Female
ID00919,Lelah,Benham,lbenhampj@sphinn.com,Female
ID00920,Norrie,Croix,ncroixpk@imageshack.us,Male
ID00921,Roarke,Brolan,rbrolanpl@posterous.com,Male
ID00922,Amalie,Bocking,abockingpm@chronoengine.com,Female
ID00923,Mac,Tattersfield,mtattersfieldpn@behance.net,Male
ID00924,Martguerita,Thomassin,mthomassinpo@youku.com,Female
ID00925,Tamarra,Sinnett,tsinnettpp@rakuten.co.jp,Female
ID00926,Farrell,Shubotham,fshubothampq@paypal.com,Male
ID00927,Jourdain,Baszkiewicz,jbaszkiewiczpr@arstechnica.com,Male
ID00928,Eldridge,Jakubiak,ejakubiakps@yahoo.co.jp,Male
ID00929,Charis,Elcocks,celcockspt@nymag.com,Female
ID00930,Son,Westhoff,swesthoffpu@xing.com,Male
ID00931,Moises,Gebby,mgebbypv@sitemeter.com,Male
ID00932,Karyl,Hunnybun,khunnybunpw@marketwatch.com,Female
ID00933,Thorn,Ratcliffe,tratcliffepx@deliciousdays.com,Male
ID00934,Idell,Weems,iweemspy@scribd.com,Female
ID00935,Millisent,Mottram,mmottrampz@wikia.com,Female
ID00936,Tessa,Gollard,tgollardq0@lycos.com,Female
ID00937,Vikki,Kiraly,vkiralyq1@digg.com,Female
ID00938,Maryellen,Castanone,mcastanoneq2@xrea.com,Female
ID00939,Darya,Middler,dmiddlerq3@cafepress.com,Female
ID00940,Ilyse,Suckling,isucklingq4@theatlantic.com,Female
ID00941,Kippar,Livard,klivardq5@oakley.com,Male
ID00942,Shanie,Corkell,scorkellq6@clickbank.net,Female
ID00943,Iggie,Lathleiffure,ilathleiffureq7@nifty.com,Male
ID00944,Dante,Hudspeth,dhudspethq8@joomla.org,Male
ID00945,Danila,Higgoe,dhiggoeq9@bizjournals.com,Female
ID00946,Berk,Marven,bmarvenqa@eepurl.com,Male
ID00947,Phil,Cantua,pcantuaqb@disqus.com,Female
ID00948,Tony,Fann,tfannqc@usgs.gov,Female
ID00949,Clarie,Hedylstone,chedylstoneqd@newyorker.com,Female
ID00950,Foster,Demsey,fdemseyqe@is.gd,Male
ID00951,Mal,Beniesh,mbenieshqf@sourceforge.net,Male
ID00952,Hayward,Kibard,hkibardqg@tamu.edu,Male
ID00953,Zelma,Manhood,zmanhoodqh@goo.ne.jp,Female
ID00954,Mufinella,Ivanenkov,mivanenkovqi@fotki.com,Female
ID00955,Timmy,Whiteley,twhiteleyqj@tiny.cc,Female
ID00956,Tamqrah,Dran,tdranqk@fema.gov,Female
ID00957,Gaston,Pigram,gpigramql@jalbum.net,Male
ID00958,Read,Broadist,rbroadistqm@indiegogo.com,Male
ID00959,Hastie,Fishbourn,hfishbournqn@pbs.org,Male
ID00960,Darrell,Blaby,dblabyqo@wix.com,Male
ID00961,Mattie,Kemell,mkemellqp@marketwatch.com,Female
ID00962,Bil,Matic,bmaticqq@sciencedaily.com,Male
ID00963,Tina,Peyzer,tpeyzerqr@amazon.de,Female
ID0096418,Raviv,Ditts,rdittsqs@stanford.edu,Male
ID00965,Neile,Scown,nscownqt@behance.net,Female
ID00966,Silvano,Marjanski,smarjanskiqu@who.int,Male
ID00967,Nobie,Dingsdale,ndingsdaleqv@ihg.com,Male
ID00968,Lindsay,Forker,lforkerqw@hp.com,Male
ID0096961,Adler,Megroff,amegroffqx@msu.edu,Male
ID00970,Emlynne,Moodie,emoodieqy@wired.com,Female
ID00971,Farrel,Hassekl,fhasseklqz@opera.com,Male
ID00972,Lil,Mitchenson,lmitchensonr0@engadget.com,Female
ID00973,Tito,Bisp,tbispr1@edublogs.org,Male
ID00974,Mozelle,Bamblett,mbamblettr2@thetimes.co.uk,Female
ID00975,Clem,Eby,cebyr3@marriott.com,Female
ID00976,Tuck,Roskilly,troskillyr4@csmonitor.com,Male
ID00977,Damon,Chaffin,dchaffinr5@soundcloud.com,Male
ID00978,Grannie,Rotte,grotter6@reuters.com,Male
ID00979,Alina,Lemery,alemeryr7@printfriendly.com,Female
ID00980,Marylinda,Gillanders,mgillandersr8@google.co.uk,Female
ID00981,Maurine,Dozdill,mdozdillr9@stanford.edu,Female
ID00982,Kariotta,Ottewill,kottewillra@joomla.org,Female
ID00983,Daloris,Risborough,drisboroughrb@biglobe.ne.jp,Female
ID00984,Melisandra,Phorsby,mphorsbyrc@sohu.com,Female
ID00985,Blinni,Peris,bperisrd@desdev.cn,Female
ID00986,Belvia,Daintier,bdaintierre@paginegialle.it,Female
ID00987,Glory,Taylorson,gtaylorsonrf@redcross.org,Female
ID00988,Loren,Duffell,lduffellrg@java.com,Male
ID00989,Nessa,Hayne,nhaynerh@time.com,Female
ID00990,Evelyn,Brittoner,ebrittonerri@chronoengine.com,Male
ID00991,Bendick,Roon,broonrj@diigo.com,Male
ID00992,Courtenay,Rigden,crigdenrk@toplist.cz,Female
ID00993,Florentia,Manuello,fmanuellorl@gmpg.org,Female
ID00994,Codi,Randle,crandlerm@feedburner.com,Male
ID00995,Eal,Finden,efindenrn@webnode.com,Male
ID00996,Kinnie,Paydon,kpaydonro@t-online.de,Male
ID00997,Allix,Starzaker,astarzakerrp@spotify.com,Female
ID00998,Tani,Banfill,tbanfillrq@redcross.org,Female
ID00999,Perl,Cherrie,pcherrierr@cmu.edu,Female
